Quotazioni Immobiliari : Valori di Mercato - Semestre 2017/2 - elaborazione del 07-APR-23
Area_territoriale;Regione;Prov;Comune_ISTAT;Comune_cat;Sez;Comune_amm;Comune_descrizione;Fascia;Zona;LinkZona;Cod_Tip;Descr_Tipologia;Stato;Stato_prev;Compr_min;Compr_max;Sup_NL_compr;Loc_min;Loc_max;Sup_NL_loc;
NORD-OVEST;LOMBARDIA;MI;3015146;C1AA; ;F205;MILANO;B;B12;MI00003228;20;Abitazioni civili;NORMALE;P;7400;8800;L;23,8;29,8;L;
NORD-OVEST;LOMBARDIA;MI;3015146;C1AA; ;F205;MILANO;B;B12;MI00003228;20;Abitazioni civili;OTTIMO; ;8900;11900;L;30,2;36,5;L;
NORD-OVEST;LOMBARDIA;MI;3015146;C1AA; ;F205;MILANO;B;B12;MI00003228;21;Abitazioni di tipo economico;NORMALE;P;6400;7700;L;18,5;22,5;L;
NORD-OVEST;LOMBARDIA;MI;3015146;C1AA; ;F205;MILANO;B;B12;MI00003228;21;Abitazioni di tipo economico;OTTIMO; ;7800;8800;L;24,5;30,5;L;
NORD-OVEST;LOMBARDIA;MI;3015146;C1AA; ;F205;MILANO;B;B12;MI00003228;19;Abitazioni signorili;OTTIMO;P;11500;13700;L;39,8;46;L;
NORD-OVEST;LOMBARDIA;MI;3015146;C1AA; ;F205;MILANO;B;B12;MI00003228;13;Box;NORMALE;P;4700;6600;L;14;20;L;
NORD-OVEST;LOMBARDIA;MI;3015146;C1AA; ;F205;MILANO;B;B12;MI00003228;9;Magazzini;NORMALE;P;2550;3300;L;14;18;L;
NORD-OVEST;LOMBARDIA;MI;3015146;C1AA; ;F205;MILANO;B;B12;MI00003228;5;Negozi;OTTIMO; ;14900;21400;L;79,8;119;L;
NORD-OVEST;LOMBARDIA;MI;3015146;C1AA; ;F205;MILANO;B;B12;MI00003228;5;Negozi;NORMALE;P;9300;12600;L;41,5;56,5;L;
NORD-OVEST;LOMBARDIA;MI;3015146;C1AA; ;F205;MILANO;B;B12;MI00003228;6;Uffici;OTTIMO;P;6400;8300;L;23,8;34,5;L;
NORD-OVEST;LOMBARDIA;MI;3015146;C1AA; ;F205;MILANO;B;B12;MI00003228;18;Uffici strutturati;OTTIMO;P;6700;9100;L;29,3;41,3;L;
NORD-OVEST;LOMBARDIA;MI;3015146;C1AA; ;F205;MILANO;B;B12;MI00003228;10;Laboratori;NORMALE;P;2800;3300;L;15;20,5;L;
NORD-OVEST;LOMBARDIA;MI;3015146;C1AA; ;F205;MILANO;B;B13;MI00003232;20;Abitazioni civili;OTTIMO; ;6800;8000;L;18,8;25,8;L;
NORD-OVEST;LOMBARDIA;MI;3015146;C1AA; ;F205;MILANO;B;B13;MI00003232;20;Abitazioni civili;NORMALE;P;4900;6600;L;16,3;17,8;L;
NORD-OVEST;LOMBARDIA;MI;3015146;C1AA; ;F205;MILANO;B;B13;MI00003232;21;Abitazioni di tipo economico;NORMALE;P;4100;5000;L;13;16,3;L;
NORD-OVEST;LOMBARDIA;MI;3015146;C1AA; ;F205;MILANO;B;B13;MI00003232;21;Abitazioni di tipo economico;OTTIMO; ;5100;6400;L;17;18,8;L;
NORD-OVEST;LOMBARDIA;MI;3015146;C1AA; ;F205;MILANO;B;B13;MI00003232;19;Abitazioni signorili;OTTIMO;P;7700;9200;L;23,3;27,5;L;
NORD-OVEST;LOMBARDIA;MI;3015146;C1AA; ;F205;MILANO;B;B13;MI00003232;13;Box;NORMALE;P;3300;4500;L;11;15;L;
NORD-OVEST;LOMBARDIA;MI;3015146;C1AA; ;F205;MILANO;B;B13;MI00003232;9;Magazzini;NORMALE;P;1700;2300;L;10;13;L;
NORD-OVEST;LOMBARDIA;MI;3015146;C1AA; ;F205;MILANO;B;B13;MI00003232;5;Negozi;OTTIMO; ;5200;7300;L;28,7;38;L;
NORD-OVEST;LOMBARDIA;MI;3015146;C1AA; ;F205;MILANO;B;B13;MI00003232;5;Negozi;NORMALE;P;3600;5200;L;18,2;28,5;L;
NORD-OVEST;LOMBARDIA;MI;3015146;C1AA; ;F205;MILANO;B;B13;MI00003232;6;Uffici;OTTIMO;P;4300;5100;L;18,8;24,8;L;
NORD-OVEST;LOMBARDIA;MI;3015146;C1AA; ;F205;MILANO;B;B13;MI00003232;18;Uffici strutturati;OTTIMO;P;4600;5900;L;20;28;L;
NORD-OVEST;LOMBARDIA;MI;3015146;C1AA; ;F205;MILANO;B;B13;MI00003232;10;Laboratori;NORMALE;P;2200;2600;L;12;15;L;
NORD-OVEST;LOMBARDIA;MI;3015146;C1AA; ;F205;MILANO;B;B15;MI00003544;20;Abitazioni civili;OTTIMO; ;8000;9900;L;22,3;27,8;L;
NORD-OVEST;LOMBARDIA;MI;3015146;C1AA; ;F205;MILANO;B;B15;MI00003544;20;Abitazioni civili;NORMALE;P;6500;7800;L;18,6;21,8;L;
NORD-OVEST;LOMBARDIA;MI;3015146;C1AA; ;F205;MILANO;B;B15;MI00003544;21;Abitazioni di tipo economico;NORMALE;P;6000;6500;L;17;21;L;
NORD-OVEST;LOMBARDIA;MI;3015146;C1AA; ;F205;MILANO;B;B15;MI00003544;21;Abitazioni di tipo economico;OTTIMO; ;6600;7800;L;21,3;24,8;L;
NORD-OVEST;LOMBARDIA;MI;3015146;C1AA; ;F205;MILANO;B;B15;MI00003544;19;Abitazioni signorili;OTTIMO;P;9800;11800;L;33;38,2;L;
NORD-OVEST;LOMBARDIA;MI;3015146;C1AA; ;F205;MILANO;B;B15;MI00003544;13;Box;NORMALE;P;3800;5000;L;12;15;L;
NORD-OVEST;LOMBARDIA;MI;3015146;C1AA; ;F205;MILANO;B;B15;MI00003544;9;Magazzini;NORMALE;P;1400;2000;L;7;10,5;L;
NORD-OVEST;LOMBARDIA;MI;3015146;C1AA; ;F205;MILANO;B;B15;MI00003544;5;Negozi;OTTIMO; ;6500;8300;L;29,5;42,5;L;
NORD-OVEST;LOMBARDIA;MI;3015146;C1AA; ;F205;MILANO;B;B15;MI00003544;5;Negozi;NORMALE;P;4600;6300;L;21,8;29,3;L;
NORD-OVEST;LOMBARDIA;MI;3015146;C1AA; ;F205;MILANO;B;B15;MI00003544;6;Uffici;OTTIMO;P;3700;4500;L;16,3;22,3;L;
NORD-OVEST;LOMBARDIA;MI;3015146;C1AA; ;F205;MILANO;B;B15;MI00003544;18;Uffici strutturati;OTTIMO;P;4400;5400;L;21,2;24,3;L;
NORD-OVEST;LOMBARDIA;MI;3015146;C1AA; ;F205;MILANO;B;B15;MI00003544;10;Laboratori;NORMALE;P;2500;3100;L;11;14;L;
NORD-OVEST;LOMBARDIA;MI;3015146;C1AA; ;F205;MILANO;B;B16;MI00003545;20;Abitazioni civili;OTTIMO; ;7400;9000;L;22,3;25,9;L;
NORD-OVEST;LOMBARDIA;MI;3015146;C1AA; ;F205;MILANO;B;B16;MI00003545;20;Abitazioni civili;NORMALE;P;6300;7400;L;19;21,8;L;
NORD-OVEST;LOMBARDIA;MI;3015146;C1AA; ;F205;MILANO;B;B16;MI00003545;21;Abitazioni di tipo economico;NORMALE;P;5500;6200;L;16;18,5;L;
NORD-OVEST;LOMBARDIA;MI;3015146;C1AA; ;F205;MILANO;B;B16;MI00003545;21;Abitazioni di tipo economico;OTTIMO; ;6200;7500;L;18,8;22;L;
NORD-OVEST;LOMBARDIA;MI;3015146;C1AA; ;F205;MILANO;B;B16;MI00003545;19;Abitazioni signorili;OTTIMO;P;8900;10500;L;25;35;L;
NORD-OVEST;LOMBARDIA;MI;3015146;C1AA; ;F205;MILANO;B;B16;MI00003545;13;Box;NORMALE;P;3900;5100;L;12,5;16,5;L;
NORD-OVEST;LOMBARDIA;MI;3015146;C1AA; ;F205;MILANO;B;B16;MI00003545;9;Magazzini;NORMALE;P;1500;2100;L;10;13;L;
NORD-OVEST;LOMBARDIA;MI;3015146;C1AA; ;F205;MILANO;B;B16;MI00003545;5;Negozi;OTTIMO; ;5500;7900;L;27,2;39,2;L;
NORD-OVEST;LOMBARDIA;MI;3015146;C1AA; ;F205;MILANO;B;B16;MI00003545;5;Negozi;NORMALE;P;4200;5500;L;18,7;26,8;L;
NORD-OVEST;LOMBARDIA;MI;3015146;C1AA; ;F205;MILANO;B;B16;MI00003545;6;Uffici;OTTIMO;P;3900;4600;L;15;20,5;L;
NORD-OVEST;LOMBARDIA;MI;3015146;C1AA; ;F205;MILANO;B;B16;MI00003545;18;Uffici strutturati;OTTIMO;P;4600;5400;L;20,5;23,5;L;
NORD-OVEST;LOMBARDIA;MI;3015146;C1AA; ;F205;MILANO;B;B16;MI00003545;10;Laboratori;NORMALE;P;2400;3000;L;12;15;L;
NORD-OVEST;LOMBARDIA;MI;3015146;C1AA; ;F205;MILANO;B;B17;MI00004767;20;Abitazioni civili;NORMALE;P;4100;5600;L;12,9;16,2;L;
NORD-OVEST;LOMBARDIA;MI;3015146;C1AA; ;F205;MILANO;B;B17;MI00004767;20;Abitazioni civili;OTTIMO; ;5700;7700;L;17,4;23,7;L;
NORD-OVEST;LOMBARDIA;MI;3015146;C1AA; ;F205;MILANO;B;B17;MI00004767;21;Abitazioni di tipo economico;NORMALE;P;2950;3800;L;10,2;12,5;L;
NORD-OVEST;LOMBARDIA;MI;3015146;C1AA; ;F205;MILANO;B;B17;MI00004767;21;Abitazioni di tipo economico;OTTIMO; ;3800;5000;L;12,6;17;L;
NORD-OVEST;LOMBARDIA;MI;3015146;C1AA; ;F205;MILANO;B;B17;MI00004767;19;Abitazioni signorili;OTTIMO;P;7900;11000;L;25,3;28,5;L;
NORD-OVEST;LOMBARDIA;MI;3015146;C1AA; ;F205;MILANO;B;B17;MI00004767;13;Box;NORMALE;P;2500;3400;L;9,5;12,8;L;
NORD-OVEST;LOMBARDIA;MI;3015146;C1AA; ;F205;MILANO;B;B17;MI00004767;9;Magazzini;NORMALE;P;900;1100;L;4,8;6,2;L;
NORD-OVEST;LOMBARDIA;MI;3015146;C1AA; ;F205;MILANO;B;B17;MI00004767;5;Negozi;NORMALE;P;3300;4800;L;15,8;20,8;L;
NORD-OVEST;LOMBARDIA;MI;3015146;C1AA; ;F205;MILANO;B;B17;MI00004767;6;Uffici;OTTIMO;P;3800;4700;L;15,8;17,8;L;
NORD-OVEST;LOMBARDIA;MI;3015146;C1AA; ;F205;MILANO;B;B17;MI00004767;18;Uffici strutturati;OTTIMO;P;3900;5100;L;19,2;25,7;L;
NORD-OVEST;LOMBARDIA;MI;3015146;C1AA; ;F205;MILANO;B;B17;MI00004767;10;Laboratori;NORMALE;P;1500;1800;L;8;9,8;L;
NORD-OVEST;LOMBARDIA;MI;3015146;C1AA; ;F205;MILANO;B;B18;MI00004768;20;Abitazioni civili;OTTIMO; ;6300;8300;L;20,5;24;L;
NORD-OVEST;LOMBARDIA;MI;3015146;C1AA; ;F205;MILANO;B;B18;MI00004768;20;Abitazioni civili;NORMALE;P;4600;6300;L;15,2;20,4;L;
NORD-OVEST;LOMBARDIA;MI;3015146;C1AA; ;F205;MILANO;B;B18;MI00004768;21;Abitazioni di tipo economico;OTTIMO;P;4600;5600;L;15,3;20;L;
NORD-OVEST;LOMBARDIA;MI;3015146;C1AA; ;F205;MILANO;B;B18;MI00004768;21;Abitazioni di tipo economico;NORMALE; ;3700;4500;L;13;15,3;L;
NORD-OVEST;LOMBARDIA;MI;3015146;C1AA; ;F205;MILANO;B;B18;MI00004768;13;Box;NORMALE;P;2600;3700;L;8;12;L;
NORD-OVEST;LOMBARDIA;MI;3015146;C1AA; ;F205;MILANO;B;B18;MI00004768;9;Magazzini;NORMALE;P;1200;1500;L;6;7,3;L;
NORD-OVEST;LOMBARDIA;MI;3015146;C1AA; ;F205;MILANO;B;B18;MI00004768;5;Negozi;NORMALE;P;3900;5300;L;17,3;24,5;L;
NORD-OVEST;LOMBARDIA;MI;3015146;C1AA; ;F205;MILANO;B;B18;MI00004768;6;Uffici;OTTIMO;P;4300;5300;L;18,2;22,8;L;
NORD-OVEST;LOMBARDIA;MI;3015146;C1AA; ;F205;MILANO;B;B18;MI00004768;18;Uffici strutturati;OTTIMO;P;4100;5600;L;22,5;28,5;L;
NORD-OVEST;LOMBARDIA;MI;3015146;C1AA; ;F205;MILANO;B;B18;MI00004768;10;Laboratori;NORMALE;P;1950;2350;L;10;12;L;
NORD-OVEST;LOMBARDIA;MI;3015146;C1AA; ;F205;MILANO;B;B19;MI00004769;20;Abitazioni civili;OTTIMO; ;6400;7800;L;19,3;23,8;L;
NORD-OVEST;LOMBARDIA;MI;3015146;C1AA; ;F205;MILANO;B;B19;MI00004769;20;Abitazioni civili;NORMALE;P;4900;6300;L;14,8;19,3;L;
NORD-OVEST;LOMBARDIA;MI;3015146;C1AA; ;F205;MILANO;B;B19;MI00004769;21;Abitazioni di tipo economico;NORMALE;P;4700;4900;L;14,2;15;L;
NORD-OVEST;LOMBARDIA;MI;3015146;C1AA; ;F205;MILANO;B;B19;MI00004769;21;Abitazioni di tipo economico;OTTIMO; ;5000;6000;L;15,4;18,5;L;
NORD-OVEST;LOMBARDIA;MI;3015146;C1AA; ;F205;MILANO;B;B19;MI00004769;19;Abitazioni signorili;OTTIMO;P;7600;10000;L;23,8;30,2;L;
NORD-OVEST;LOMBARDIA;MI;3015146;C1AA; ;F205;MILANO;B;B19;MI00004769;13;Box;NORMALE;P;3500;5200;L;12;17,6;L;
NORD-OVEST;LOMBARDIA;MI;3015146;C1AA; ;F205;MILANO;B;B19;MI00004769;9;Magazzini;NORMALE;P;1000;1200;L;5;7;L;
NORD-OVEST;LOMBARDIA;MI;3015146;C1AA; ;F205;MILANO;B;B19;MI00004769;5;Negozi;OTTIMO;P;5100;7100;L;24,9;41;L;
NORD-OVEST;LOMBARDIA;MI;3015146;C1AA; ;F205;MILANO;B;B19;MI00004769;5;Negozi;NORMALE; ;3700;5100;L;16,2;22;L;
NORD-OVEST;LOMBARDIA;MI;3015146;C1AA; ;F205;MILANO;B;B19;MI00004769;6;Uffici;OTTIMO;P;4600;5600;L;19,2;25,2;L;
NORD-OVEST;LOMBARDIA;MI;3015146;C1AA; ;F205;MILANO;B;B19;MI00004769;18;Uffici strutturati;OTTIMO;P;5400;6000;L;24,5;31;L;
NORD-OVEST;LOMBARDIA;MI;3015146;C1AA; ;F205;MILANO;B;B19;MI00004769;10;Laboratori;NORMALE;P;1500;2100;L;9,2;12,5;L;
NORD-OVEST;LOMBARDIA;MI;3015146;C1AA; ;F205;MILANO;B;B20;MI00004770;20;Abitazioni civili;OTTIMO; ;5200;6700;L;19,2;24,2;L;
NORD-OVEST;LOMBARDIA;MI;3015146;C1AA; ;F205;MILANO;B;B20;MI00004770;20;Abitazioni civili;NORMALE;P;4600;5200;L;15,3;17,4;L;
NORD-OVEST;LOMBARDIA;MI;3015146;C1AA; ;F205;MILANO;B;B20;MI00004770;21;Abitazioni di tipo economico;NORMALE;P;3600;4500;L;12;13,4;L;
NORD-OVEST;LOMBARDIA;MI;3015146;C1AA; ;F205;MILANO;B;B20;MI00004770;21;Abitazioni di tipo economico;OTTIMO; ;4500;5200;L;13,5;19;L;
NORD-OVEST;LOMBARDIA;MI;3015146;C1AA; ;F205;MILANO;B;B20;MI00004770;13;Box;NORMALE;P;2850;3700;L;12,8;16,8;L;
NORD-OVEST;LOMBARDIA;MI;3015146;C1AA; ;F205;MILANO;B;B20;MI00004770;9;Magazzini;NORMALE;P;700;1000;L;4;5;L;
NORD-OVEST;LOMBARDIA;MI;3015146;C1AA; ;F205;MILANO;B;B20;MI00004770;5;Negozi;NORMALE;P;2700;3700;L;13,8;18;L;
NORD-OVEST;LOMBARDIA;MI;3015146;C1AA; ;F205;MILANO;B;B20;MI00004770;6;Uffici;OTTIMO;P;2550;3600;L;12;15,2;L;
NORD-OVEST;LOMBARDIA;MI;3015146;C1AA; ;F205;MILANO;B;B20;MI00004770;18;Uffici strutturati;OTTIMO;P;2750;3700;L;14;18;L;
NORD-OVEST;LOMBARDIA;MI;3015146;C1AA; ;F205;MILANO;B;B20;MI00004770;10;Laboratori;NORMALE;P;1100;1800;L;5,8;9;L;
NORD-OVEST;LOMBARDIA;MI;3015146;C1AA; ;F205;MILANO;B;B21;MI00004771;20;Abitazioni civili;OTTIMO; ;5200;7000;L;14;21;L;
NORD-OVEST;LOMBARDIA;MI;3015146;C1AA; ;F205;MILANO;B;B21;MI00004771;20;Abitazioni civili;NORMALE;P;4000;5100;L;11,5;13,5;L;
NORD-OVEST;LOMBARDIA;MI;3015146;C1AA; ;F205;MILANO;B;B21;MI00004771;21;Abitazioni di tipo economico;NORMALE;P;3200;4000;L;9,8;12,8;L;
NORD-OVEST;LOMBARDIA;MI;3015146;C1AA; ;F205;MILANO;B;B21;MI00004771;21;Abitazioni di tipo economico;OTTIMO; ;4100;4700;L;13;13,8;L;
NORD-OVEST;LOMBARDIA;MI;3015146;C1AA; ;F205;MILANO;B;B21;MI00004771;13;Box;NORMALE;P;2100;3000;L;8,5;12;L;
NORD-OVEST;LOMBARDIA;MI;3015146;C1AA; ;F205;MILANO;B;B21;MI00004771;9;Magazzini;NORMALE;P;700;850;L;3,5;5;L;
NORD-OVEST;LOMBARDIA;MI;3015146;C1AA; ;F205;MILANO;B;B21;MI00004771;5;Negozi;NORMALE;P;2700;3600;L;14;17,5;L;
NORD-OVEST;LOMBARDIA;MI;3015146;C1AA; ;F205;MILANO;B;B21;MI00004771;6;Uffici;OTTIMO;P;2950;3700;L;13,8;17;L;
NORD-OVEST;LOMBARDIA;MI;3015146;C1AA; ;F205;MILANO;B;B21;MI00004771;18;Uffici strutturati;OTTIMO;P;3300;4300;L;16;22;L;
NORD-OVEST;LOMBARDIA;MI;3015146;C1AA; ;F205;MILANO;B;B21;MI00004771;10;Laboratori;NORMALE;P;1250;1700;L;6,8;9;L;
NORD-OVEST;LOMBARDIA;MI;3015146;C1AA; ;F205;MILANO;C;C12;MI00000307;20;Abitazioni civili;OTTIMO; ;5400;6300;L;17,7;19,6;L;
NORD-OVEST;LOMBARDIA;MI;3015146;C1AA; ;F205;MILANO;C;C12;MI00000307;20;Abitazioni civili;NORMALE;P;3800;5200;L;13,2;17,2;L;
NORD-OVEST;LOMBARDIA;MI;3015146;C1AA; ;F205;MILANO;C;C12;MI00000307;21;Abitazioni di tipo economico;OTTIMO; ;3800;5000;L;11,7;16,5;L;
NORD-OVEST;LOMBARDIA;MI;3015146;C1AA; ;F205;MILANO;C;C12;MI00000307;21;Abitazioni di tipo economico;NORMALE;P;3100;3700;L;10;11,7;L;
NORD-OVEST;LOMBARDIA;MI;3015146;C1AA; ;F205;MILANO;C;C12;MI00000307;13;Box;NORMALE;P;2350;3500;L;10;13;L;
NORD-OVEST;LOMBARDIA;MI;3015146;C1AA; ;F205;MILANO;C;C12;MI00000307;9;Magazzini;NORMALE;P;750;1050;L;4,2;5,8;L;
NORD-OVEST;LOMBARDIA;MI;3015146;C1AA; ;F205;MILANO;C;C12;MI00000307;5;Negozi;OTTIMO;P;5800;8200;L;28,2;39,2;L;
NORD-OVEST;LOMBARDIA;MI;3015146;C1AA; ;F205;MILANO;C;C12;MI00000307;5;Negozi;NORMALE; ;2200;3300;L;10,2;15,2;L;
NORD-OVEST;LOMBARDIA;MI;3015146;C1AA; ;F205;MILANO;C;C12;MI00000307;6;Uffici;OTTIMO;P;2800;3800;L;11;13,5;L;
NORD-OVEST;LOMBARDIA;MI;3015146;C1AA; ;F205;MILANO;C;C12;MI00000307;18;Uffici strutturati;OTTIMO;P;3400;4600;L;15,5;21,2;L;
NORD-OVEST;LOMBARDIA;MI;3015146;C1AA; ;F205;MILANO;C;C12;MI00000307;8;Capannoni industriali;NORMALE;P;900;1100;L;5;7;L;
NORD-OVEST;LOMBARDIA;MI;3015146;C1AA; ;F205;MILANO;C;C12;MI00000307;7;Capannoni tipici;NORMALE;P;950;1200;L;5;7;L;
NORD-OVEST;LOMBARDIA;MI;3015146;C1AA; ;F205;MILANO;C;C12;MI00000307;10;Laboratori;NORMALE;P;1350;1750;L;7;9,8;L;
NORD-OVEST;LOMBARDIA;MI;3015146;C1AA; ;F205;MILANO;C;C13;MI00003667;20;Abitazioni civili;OTTIMO;P;7100;9700;L;20;32;L;
NORD-OVEST;LOMBARDIA;MI;3015146;C1AA; ;F205;MILANO;C;C13;MI00003667;19;Abitazioni signorili;OTTIMO;P;9600;11500;L;32,8;39;L;
NORD-OVEST;LOMBARDIA;MI;3015146;C1AA; ;F205;MILANO;C;C13;MI00003667;13;Box;NORMALE;P;2400;3100;L;8;10,8;L;
NORD-OVEST;LOMBARDIA;MI;3015146;C1AA; ;F205;MILANO;C;C14;MI00003668;20;Abitazioni civili;OTTIMO;P;7800;11600;L;28;42;L;
NORD-OVEST;LOMBARDIA;MI;3015146;C1AA; ;F205;MILANO;C;C14;MI00003668;19;Abitazioni signorili;OTTIMO;P;11500;13600;L;40;48;L;
NORD-OVEST;LOMBARDIA;MI;3015146;C1AA; ;F205;MILANO;C;C14;MI00003668;13;Box;NORMALE;P;2400;3200;L;8;11;L;
NORD-OVEST;LOMBARDIA;MI;3015146;C1AA; ;F205;MILANO;C;C15;MI00003669;20;Abitazioni civili;OTTIMO; ;3400;4000;L;8,7;12,2;L;
NORD-OVEST;LOMBARDIA;MI;3015146;C1AA; ;F205;MILANO;C;C15;MI00003669;20;Abitazioni civili;NORMALE;P;2300;3400;L;7,1;8,7;L;
NORD-OVEST;LOMBARDIA;MI;3015146;C1AA; ;F205;MILANO;C;C15;MI00003669;21;Abitazioni di tipo economico;NORMALE;P;1550;2100;L;5;6,2;L;
NORD-OVEST;LOMBARDIA;MI;3015146;C1AA; ;F205;MILANO;C;C15;MI00003669;21;Abitazioni di tipo economico;OTTIMO; ;2150;2600;L;6,2;8;L;
NORD-OVEST;LOMBARDIA;MI;3015146;C1AA; ;F205;MILANO;C;C15;MI00003669;13;Box;NORMALE;P;1550;2300;L;6,8;9;L;
NORD-OVEST;LOMBARDIA;MI;3015146;C1AA; ;F205;MILANO;C;C15;MI00003669;1;Ville e Villini;NORMALE;P;2600;3500;L;7,8;9,7;L;
NORD-OVEST;LOMBARDIA;MI;3015146;C1AA; ;F205;MILANO;C;C15;MI00003669;1;Ville e Villini;OTTIMO; ;3600;4300;L;10;12,3;L;
NORD-OVEST;LOMBARDIA;MI;3015146;C1AA; ;F205;MILANO;C;C15;MI00003669;9;Magazzini;NORMALE;P;750;900;L;3,5;4,7;L;
NORD-OVEST;LOMBARDIA;MI;3015146;C1AA; ;F205;MILANO;C;C15;MI00003669;5;Negozi;NORMALE;P;1800;2650;L;10,5;14,5;L;
NORD-OVEST;LOMBARDIA;MI;3015146;C1AA; ;F205;MILANO;C;C15;MI00003669;6;Uffici;OTTIMO;P;2000;2550;L;8,7;10,3;L;
NORD-OVEST;LOMBARDIA;MI;3015146;C1AA; ;F205;MILANO;C;C15;MI00003669;18;Uffici strutturati;OTTIMO;P;2400;3200;L;11,5;16;L;
NORD-OVEST;LOMBARDIA;MI;3015146;C1AA; ;F205;MILANO;C;C15;MI00003669;8;Capannoni industriali;NORMALE;P;900;1100;L;5;7;L;
NORD-OVEST;LOMBARDIA;MI;3015146;C1AA; ;F205;MILANO;C;C15;MI00003669;7;Capannoni tipici;NORMALE;P;900;1200;L;5;7;L;
NORD-OVEST;LOMBARDIA;MI;3015146;C1AA; ;F205;MILANO;C;C15;MI00003669;10;Laboratori;NORMALE;P;1200;1400;L;7;9;L;
NORD-OVEST;LOMBARDIA;MI;3015146;C1AA; ;F205;MILANO;C;C16;MI00004772;20;Abitazioni civili;OTTIMO; ;3700;4600;L;10,3;13,2;L;
NORD-OVEST;LOMBARDIA;MI;3015146;C1AA; ;F205;MILANO;C;C16;MI00004772;20;Abitazioni civili;NORMALE;P;2550;3700;L;7,2;10,3;L;
NORD-OVEST;LOMBARDIA;MI;3015146;C1AA; ;F205;MILANO;C;C16;MI00004772;21;Abitazioni di tipo economico;OTTIMO; ;2200;3100;L;7,3;10;L;
NORD-OVEST;LOMBARDIA;MI;3015146;C1AA; ;F205;MILANO;C;C16;MI00004772;21;Abitazioni di tipo economico;NORMALE;P;1700;2200;L;6;7,3;L;
NORD-OVEST;LOMBARDIA;MI;3015146;C1AA; ;F205;MILANO;C;C16;MI00004772;13;Box;NORMALE;P;2000;2800;L;7;9,5;L;
NORD-OVEST;LOMBARDIA;MI;3015146;C1AA; ;F205;MILANO;C;C16;MI00004772;9;Magazzini;NORMALE;P;750;1000;L;4;5,5;L;
NORD-OVEST;LOMBARDIA;MI;3015146;C1AA; ;F205;MILANO;C;C16;MI00004772;5;Negozi;NORMALE;P;2550;3400;L;11,5;14,5;L;
NORD-OVEST;LOMBARDIA;MI;3015146;C1AA; ;F205;MILANO;C;C16;MI00004772;6;Uffici;OTTIMO;P;2350;2900;L;9,6;12,8;L;
NORD-OVEST;LOMBARDIA;MI;3015146;C1AA; ;F205;MILANO;C;C16;MI00004772;18;Uffici strutturati;OTTIMO;P;2550;3300;L;13;17;L;
NORD-OVEST;LOMBARDIA;MI;3015146;C1AA; ;F205;MILANO;C;C16;MI00004772;8;Capannoni industriali;NORMALE;P;800;1000;L;4,5;5,5;L;
NORD-OVEST;LOMBARDIA;MI;3015146;C1AA; ;F205;MILANO;C;C16;MI00004772;7;Capannoni tipici;NORMALE;P;850;1050;L;5;6;L;
NORD-OVEST;LOMBARDIA;MI;3015146;C1AA; ;F205;MILANO;C;C16;MI00004772;10;Laboratori;NORMALE;P;1050;1550;L;5,5;8;L;
NORD-OVEST;LOMBARDIA;MI;3015146;C1AA; ;F205;MILANO;C;C17;MI00004773;20;Abitazioni civili;OTTIMO; ;4000;6000;L;12;17,2;L;
NORD-OVEST;LOMBARDIA;MI;3015146;C1AA; ;F205;MILANO;C;C17;MI00004773;20;Abitazioni civili;NORMALE;P;3300;4000;L;11,3;12;L;
NORD-OVEST;LOMBARDIA;MI;3015146;C1AA; ;F205;MILANO;C;C17;MI00004773;21;Abitazioni di tipo economico;OTTIMO; ;3200;4000;L;11;12,5;L;
NORD-OVEST;LOMBARDIA;MI;3015146;C1AA; ;F205;MILANO;C;C17;MI00004773;21;Abitazioni di tipo economico;NORMALE;P;2500;3200;L;8;11;L;
NORD-OVEST;LOMBARDIA;MI;3015146;C1AA; ;F205;MILANO;C;C17;MI00004773;19;Abitazioni signorili;OTTIMO;P;5700;7000;L;19,2;23;L;
NORD-OVEST;LOMBARDIA;MI;3015146;C1AA; ;F205;MILANO;C;C17;MI00004773;13;Box;NORMALE;P;2000;2900;L;6;9;L;
NORD-OVEST;LOMBARDIA;MI;3015146;C1AA; ;F205;MILANO;C;C17;MI00004773;1;Ville e Villini;OTTIMO;P;6000;7100;L;19,5;23;L;
NORD-OVEST;LOMBARDIA;MI;3015146;C1AA; ;F205;MILANO;C;C17;MI00004773;9;Magazzini;NORMALE;P;650;750;L;3;3,9;L;
NORD-OVEST;LOMBARDIA;MI;3015146;C1AA; ;F205;MILANO;C;C17;MI00004773;5;Negozi;NORMALE;P;2300;3500;L;12,2;17,8;L;
NORD-OVEST;LOMBARDIA;MI;3015146;C1AA; ;F205;MILANO;C;C17;MI00004773;6;Uffici;OTTIMO;P;2650;3600;L;10,8;14,5;L;
NORD-OVEST;LOMBARDIA;MI;3015146;C1AA; ;F205;MILANO;C;C17;MI00004773;18;Uffici strutturati;OTTIMO;P;2800;3500;L;13,3;19,3;L;
NORD-OVEST;LOMBARDIA;MI;3015146;C1AA; ;F205;MILANO;C;C17;MI00004773;8;Capannoni industriali;NORMALE;P;800;950;L;4,5;6;L;
NORD-OVEST;LOMBARDIA;MI;3015146;C1AA; ;F205;MILANO;C;C17;MI00004773;7;Capannoni tipici;NORMALE;P;900;1100;L;4,7;6,7;L;
NORD-OVEST;LOMBARDIA;MI;3015146;C1AA; ;F205;MILANO;C;C17;MI00004773;10;Laboratori;NORMALE;P;900;1150;L;5,5;7,5;L;
NORD-OVEST;LOMBARDIA;MI;3015146;C1AA; ;F205;MILANO;C;C18;MI00004774;20;Abitazioni civili;OTTIMO; ;4000;5300;L;11;13,5;L;
NORD-OVEST;LOMBARDIA;MI;3015146;C1AA; ;F205;MILANO;C;C18;MI00004774;20;Abitazioni civili;NORMALE;P;2600;4000;L;8,5;11;L;
NORD-OVEST;LOMBARDIA;MI;3015146;C1AA; ;F205;MILANO;C;C18;MI00004774;21;Abitazioni di tipo economico;OTTIMO; ;3200;3600;L;8,7;11;L;
NORD-OVEST;LOMBARDIA;MI;3015146;C1AA; ;F205;MILANO;C;C18;MI00004774;21;Abitazioni di tipo economico;NORMALE;P;2300;3200;L;7,3;8,7;L;
NORD-OVEST;LOMBARDIA;MI;3015146;C1AA; ;F205;MILANO;C;C18;MI00004774;13;Box;NORMALE;P;1750;2650;L;8;11,8;L;
NORD-OVEST;LOMBARDIA;MI;3015146;C1AA; ;F205;MILANO;C;C18;MI00004774;9;Magazzini;NORMALE;P;650;800;L;3,5;4,5;L;
NORD-OVEST;LOMBARDIA;MI;3015146;C1AA; ;F205;MILANO;C;C18;MI00004774;5;Negozi;OTTIMO;P;3900;5200;L;17;25;L;
NORD-OVEST;LOMBARDIA;MI;3015146;C1AA; ;F205;MILANO;C;C18;MI00004774;5;Negozi;NORMALE; ;2000;3200;L;8,5;15;L;
NORD-OVEST;LOMBARDIA;MI;3015146;C1AA; ;F205;MILANO;C;C18;MI00004774;6;Uffici;OTTIMO;P;1900;2350;L;8,3;10;L;
NORD-OVEST;LOMBARDIA;MI;3015146;C1AA; ;F205;MILANO;C;C18;MI00004774;18;Uffici strutturati;OTTIMO;P;2150;2700;L;12;16;L;
NORD-OVEST;LOMBARDIA;MI;3015146;C1AA; ;F205;MILANO;C;C18;MI00004774;8;Capannoni industriali;NORMALE;P;700;900;L;4,5;5,8;L;
NORD-OVEST;LOMBARDIA;MI;3015146;C1AA; ;F205;MILANO;C;C18;MI00004774;7;Capannoni tipici;NORMALE;P;800;1000;L;4,8;6,2;L;
NORD-OVEST;LOMBARDIA;MI;3015146;C1AA; ;F205;MILANO;C;C18;MI00004774;10;Laboratori;NORMALE;P;950;1350;L;5,8;8;L;
NORD-OVEST;LOMBARDIA;MI;3015146;C1AA; ;F205;MILANO;C;C19;MI00004775;20;Abitazioni civili;OTTIMO; ;3800;5300;L;10,7;15;L;
NORD-OVEST;LOMBARDIA;MI;3015146;C1AA; ;F205;MILANO;C;C19;MI00004775;20;Abitazioni civili;NORMALE;P;2600;3800;L;8;10,7;L;
NORD-OVEST;LOMBARDIA;MI;3015146;C1AA; ;F205;MILANO;C;C19;MI00004775;21;Abitazioni di tipo economico;OTTIMO; ;2750;3700;L;7,7;10;L;
NORD-OVEST;LOMBARDIA;MI;3015146;C1AA; ;F205;MILANO;C;C19;MI00004775;21;Abitazioni di tipo economico;NORMALE;P;2100;2650;L;6,5;7,7;L;
NORD-OVEST;LOMBARDIA;MI;3015146;C1AA; ;F205;MILANO;C;C19;MI00004775;13;Box;NORMALE;P;1850;2550;L;7,5;11;L;
NORD-OVEST;LOMBARDIA;MI;3015146;C1AA; ;F205;MILANO;C;C19;MI00004775;9;Magazzini;NORMALE;P;500;700;L;3;4;L;
NORD-OVEST;LOMBARDIA;MI;3015146;C1AA; ;F205;MILANO;C;C19;MI00004775;5;Negozi;NORMALE;P;1750;2750;L;9,2;14,5;L;
NORD-OVEST;LOMBARDIA;MI;3015146;C1AA; ;F205;MILANO;C;C19;MI00004775;6;Uffici;OTTIMO;P;2300;2500;L;10;11;L;
NORD-OVEST;LOMBARDIA;MI;3015146;C1AA; ;F205;MILANO;C;C19;MI00004775;18;Uffici strutturati;OTTIMO;P;2300;3000;L;13;17;L;
NORD-OVEST;LOMBARDIA;MI;3015146;C1AA; ;F205;MILANO;C;C19;MI00004775;8;Capannoni industriali;NORMALE;P;800;950;L;4,7;5,8;L;
NORD-OVEST;LOMBARDIA;MI;3015146;C1AA; ;F205;MILANO;C;C19;MI00004775;7;Capannoni tipici;NORMALE;P;800;1000;L;4,8;6,5;L;
NORD-OVEST;LOMBARDIA;MI;3015146;C1AA; ;F205;MILANO;C;C19;MI00004775;10;Laboratori;NORMALE;P;1100;1350;L;5,8;7,8;L;
NORD-OVEST;LOMBARDIA;MI;3015146;C1AA; ;F205;MILANO;C;C20;MI00004776;20;Abitazioni civili;OTTIMO; ;4300;6400;L;12,5;19;L;
NORD-OVEST;LOMBARDIA;MI;3015146;C1AA; ;F205;MILANO;C;C20;MI00004776;20;Abitazioni civili;NORMALE;P;3100;4300;L;10;12,5;L;
NORD-OVEST;LOMBARDIA;MI;3015146;C1AA; ;F205;MILANO;C;C20;MI00004776;21;Abitazioni di tipo economico;OTTIMO; ;3500;4400;L;9,8;12,5;L;
NORD-OVEST;LOMBARDIA;MI;3015146;C1AA; ;F205;MILANO;C;C20;MI00004776;21;Abitazioni di tipo economico;NORMALE;P;2300;3500;L;6,8;9,7;L;
NORD-OVEST;LOMBARDIA;MI;3015146;C1AA; ;F205;MILANO;C;C20;MI00004776;13;Box;NORMALE;P;2250;3500;L;8;12;L;
NORD-OVEST;LOMBARDIA;MI;3015146;C1AA; ;F205;MILANO;C;C20;MI00004776;9;Magazzini;NORMALE;P;550;750;L;2,8;4;L;
NORD-OVEST;LOMBARDIA;MI;3015146;C1AA; ;F205;MILANO;C;C20;MI00004776;5;Negozi;NORMALE;P;2250;3400;L;10,5;15,5;L;
NORD-OVEST;LOMBARDIA;MI;3015146;C1AA; ;F205;MILANO;C;C20;MI00004776;6;Uffici;OTTIMO;P;2600;3700;L;9,5;14;L;
NORD-OVEST;LOMBARDIA;MI;3015146;C1AA; ;F205;MILANO;C;C20;MI00004776;18;Uffici strutturati;OTTIMO;P;2700;4000;L;13,5;19,5;L;
NORD-OVEST;LOMBARDIA;MI;3015146;C1AA; ;F205;MILANO;C;C20;MI00004776;8;Capannoni industriali;NORMALE;P;850;1050;L;5;6,2;L;
NORD-OVEST;LOMBARDIA;MI;3015146;C1AA; ;F205;MILANO;C;C20;MI00004776;7;Capannoni tipici;NORMALE;P;950;1200;L;5,2;6,4;L;
NORD-OVEST;LOMBARDIA;MI;3015146;C1AA; ;F205;MILANO;C;C20;MI00004776;10;Laboratori;NORMALE;P;1100;1400;L;6,2;8,4;L;
NORD-OVEST;LOMBARDIA;MI;3015146;C1AA; ;F205;MILANO;D;D10;MI00000317;20;Abitazioni civili;OTTIMO; ;2700;3300;L;8,2;11;L;
NORD-OVEST;LOMBARDIA;MI;3015146;C1AA; ;F205;MILANO;D;D10;MI00000317;20;Abitazioni civili;NORMALE;P;2000;2700;L;6,8;8;L;
NORD-OVEST;LOMBARDIA;MI;3015146;C1AA; ;F205;MILANO;D;D10;MI00000317;21;Abitazioni di tipo economico;OTTIMO; ;1700;2200;L;6,1;8,2;L;
NORD-OVEST;LOMBARDIA;MI;3015146;C1AA; ;F205;MILANO;D;D10;MI00000317;21;Abitazioni di tipo economico;NORMALE;P;1450;1700;L;4,6;6,1;L;
NORD-OVEST;LOMBARDIA;MI;3015146;C1AA; ;F205;MILANO;D;D10;MI00000317;13;Box;NORMALE;P;1600;1850;L;5,5;7;L;
NORD-OVEST;LOMBARDIA;MI;3015146;C1AA; ;F205;MILANO;D;D10;MI00000317;9;Magazzini;NORMALE;P;400;550;L;2,3;3,4;L;
NORD-OVEST;LOMBARDIA;MI;3015146;C1AA; ;F205;MILANO;D;D10;MI00000317;5;Negozi;NORMALE;P;1350;2250;L;5,8;9,5;L;
NORD-OVEST;LOMBARDIA;MI;3015146;C1AA; ;F205;MILANO;D;D10;MI00000317;6;Uffici;OTTIMO;P;1300;2200;L;6,8;10;L;
NORD-OVEST;LOMBARDIA;MI;3015146;C1AA; ;F205;MILANO;D;D10;MI00000317;18;Uffici strutturati;OTTIMO;P;1700;2500;L;9,8;15;L;
NORD-OVEST;LOMBARDIA;MI;3015146;C1AA; ;F205;MILANO;D;D10;MI00000317;8;Capannoni industriali;OTTIMO;P;700;900;L;4;5,2;L;
NORD-OVEST;LOMBARDIA;MI;3015146;C1AA; ;F205;MILANO;D;D10;MI00000317;7;Capannoni tipici;OTTIMO;P;750;950;L;4;5,5;L;
NORD-OVEST;LOMBARDIA;MI;3015146;C1AA; ;F205;MILANO;D;D10;MI00000317;10;Laboratori;NORMALE;P;650;850;L;4,5;5,2;L;
NORD-OVEST;LOMBARDIA;MI;3015146;C1AA; ;F205;MILANO;D;D12;MI00000319;20;Abitazioni civili;OTTIMO; ;3200;3900;L;10,3;13;L;
NORD-OVEST;LOMBARDIA;MI;3015146;C1AA; ;F205;MILANO;D;D12;MI00000319;20;Abitazioni civili;NORMALE;P;2450;3100;L;8;10,2;L;
NORD-OVEST;LOMBARDIA;MI;3015146;C1AA; ;F205;MILANO;D;D12;MI00000319;21;Abitazioni di tipo economico;OTTIMO; ;2100;2600;L;7,2;8;L;
NORD-OVEST;LOMBARDIA;MI;3015146;C1AA; ;F205;MILANO;D;D12;MI00000319;21;Abitazioni di tipo economico;NORMALE;P;1850;2100;L;6,2;7,2;L;
NORD-OVEST;LOMBARDIA;MI;3015146;C1AA; ;F205;MILANO;D;D12;MI00000319;13;Box;NORMALE;P;1700;2500;L;7,8;11;L;
NORD-OVEST;LOMBARDIA;MI;3015146;C1AA; ;F205;MILANO;D;D12;MI00000319;9;Magazzini;NORMALE;P;450;600;L;2,5;3,5;L;
NORD-OVEST;LOMBARDIA;MI;3015146;C1AA; ;F205;MILANO;D;D12;MI00000319;5;Negozi;NORMALE;P;1500;2450;L;6,5;9,8;L;
NORD-OVEST;LOMBARDIA;MI;3015146;C1AA; ;F205;MILANO;D;D12;MI00000319;6;Uffici;OTTIMO;P;1700;2400;L;8,5;11,5;L;
NORD-OVEST;LOMBARDIA;MI;3015146;C1AA; ;F205;MILANO;D;D12;MI00000319;18;Uffici strutturati;OTTIMO;P;2050;2700;L;12;15,5;L;
NORD-OVEST;LOMBARDIA;MI;3015146;C1AA; ;F205;MILANO;D;D12;MI00000319;8;Capannoni industriali;OTTIMO;P;700;900;L;4,3;5,4;L;
NORD-OVEST;LOMBARDIA;MI;3015146;C1AA; ;F205;MILANO;D;D12;MI00000319;7;Capannoni tipici;OTTIMO;P;700;1000;L;4,3;6;L;
NORD-OVEST;LOMBARDIA;MI;3015146;C1AA; ;F205;MILANO;D;D12;MI00000319;10;Laboratori;NORMALE;P;700;900;L;4;5,8;L;
NORD-OVEST;LOMBARDIA;MI;3015146;C1AA; ;F205;MILANO;D;D13;MI00000320;20;Abitazioni civili;OTTIMO; ;2350;2900;L;6,9;9,4;L;
NORD-OVEST;LOMBARDIA;MI;3015146;C1AA; ;F205;MILANO;D;D13;MI00000320;20;Abitazioni civili;NORMALE;P;1900;2350;L;5,2;6,7;L;
NORD-OVEST;LOMBARDIA;MI;3015146;C1AA; ;F205;MILANO;D;D13;MI00000320;21;Abitazioni di tipo economico;OTTIMO; ;1800;2200;L;5,2;6,3;L;
NORD-OVEST;LOMBARDIA;MI;3015146;C1AA; ;F205;MILANO;D;D13;MI00000320;21;Abitazioni di tipo economico;NORMALE;P;1400;1750;L;4,5;5;L;
NORD-OVEST;LOMBARDIA;MI;3015146;C1AA; ;F205;MILANO;D;D13;MI00000320;13;Box;NORMALE;P;1500;2000;L;5,8;7,8;L;
NORD-OVEST;LOMBARDIA;MI;3015146;C1AA; ;F205;MILANO;D;D13;MI00000320;9;Magazzini;NORMALE;P;400;500;L;2;3;L;
NORD-OVEST;LOMBARDIA;MI;3015146;C1AA; ;F205;MILANO;D;D13;MI00000320;5;Negozi;NORMALE;P;1300;2000;L;6;8,3;L;
NORD-OVEST;LOMBARDIA;MI;3015146;C1AA; ;F205;MILANO;D;D13;MI00000320;6;Uffici;OTTIMO;P;1500;1900;L;6,3;8,5;L;
NORD-OVEST;LOMBARDIA;MI;3015146;C1AA; ;F205;MILANO;D;D13;MI00000320;18;Uffici strutturati;OTTIMO;P;1500;2200;L;9,5;13;L;
NORD-OVEST;LOMBARDIA;MI;3015146;C1AA; ;F205;MILANO;D;D13;MI00000320;8;Capannoni industriali;OTTIMO;P;750;900;L;4,4;5;L;
NORD-OVEST;LOMBARDIA;MI;3015146;C1AA; ;F205;MILANO;D;D13;MI00000320;7;Capannoni tipici;OTTIMO;P;800;1000;L;4,3;5,3;L;
NORD-OVEST;LOMBARDIA;MI;3015146;C1AA; ;F205;MILANO;D;D13;MI00000320;10;Laboratori;NORMALE;P;700;900;L;3,7;4,8;L;
NORD-OVEST;LOMBARDIA;MI;3015146;C1AA; ;F205;MILANO;D;D15;MI00000322;20;Abitazioni civili;OTTIMO; ;2400;3200;L;7,5;10;L;
NORD-OVEST;LOMBARDIA;MI;3015146;C1AA; ;F205;MILANO;D;D15;MI00000322;20;Abitazioni civili;NORMALE;P;1850;2300;L;6;7;L;
NORD-OVEST;LOMBARDIA;MI;3015146;C1AA; ;F205;MILANO;D;D15;MI00000322;21;Abitazioni di tipo economico;OTTIMO; ;1300;2100;L;4,2;6,2;L;
NORD-OVEST;LOMBARDIA;MI;3015146;C1AA; ;F205;MILANO;D;D15;MI00000322;21;Abitazioni di tipo economico;NORMALE;P;1100;1300;L;3,2;4;L;
NORD-OVEST;LOMBARDIA;MI;3015146;C1AA; ;F205;MILANO;D;D15;MI00000322;13;Box;NORMALE;P;1350;2050;L;6,2;9,2;L;
NORD-OVEST;LOMBARDIA;MI;3015146;C1AA; ;F205;MILANO;D;D15;MI00000322;9;Magazzini;NORMALE;P;450;600;L;2,5;3,5;L;
NORD-OVEST;LOMBARDIA;MI;3015146;C1AA; ;F205;MILANO;D;D15;MI00000322;5;Negozi;NORMALE;P;1400;2100;L;6,2;9,2;L;
NORD-OVEST;LOMBARDIA;MI;3015146;C1AA; ;F205;MILANO;D;D15;MI00000322;6;Uffici;OTTIMO;P;1350;1850;L;5,6;7,8;L;
NORD-OVEST;LOMBARDIA;MI;3015146;C1AA; ;F205;MILANO;D;D15;MI00000322;18;Uffici strutturati;OTTIMO;P;1700;2550;L;10,5;13,4;L;
NORD-OVEST;LOMBARDIA;MI;3015146;C1AA; ;F205;MILANO;D;D15;MI00000322;8;Capannoni industriali;OTTIMO;P;700;900;L;4;5,2;L;
NORD-OVEST;LOMBARDIA;MI;3015146;C1AA; ;F205;MILANO;D;D15;MI00000322;7;Capannoni tipici;OTTIMO;P;700;950;L;4;5,5;L;
NORD-OVEST;LOMBARDIA;MI;3015146;C1AA; ;F205;MILANO;D;D15;MI00000322;10;Laboratori;NORMALE;P;600;900;L;3,8;5,3;L;
NORD-OVEST;LOMBARDIA;MI;3015146;C1AA; ;F205;MILANO;D;D16;MI00000323;20;Abitazioni civili;OTTIMO; ;2850;4000;L;8;10,8;L;
NORD-OVEST;LOMBARDIA;MI;3015146;C1AA; ;F205;MILANO;D;D16;MI00000323;20;Abitazioni civili;NORMALE;P;2200;2850;L;5,5;8;L;
NORD-OVEST;LOMBARDIA;MI;3015146;C1AA; ;F205;MILANO;D;D16;MI00000323;21;Abitazioni di tipo economico;OTTIMO; ;1750;2300;L;5,1;6,5;L;
NORD-OVEST;LOMBARDIA;MI;3015146;C1AA; ;F205;MILANO;D;D16;MI00000323;21;Abitazioni di tipo economico;NORMALE;P;1600;1700;L;4,5;5;L;
NORD-OVEST;LOMBARDIA;MI;3015146;C1AA; ;F205;MILANO;D;D16;MI00000323;13;Box;NORMALE;P;1700;2400;L;7;10,5;L;
NORD-OVEST;LOMBARDIA;MI;3015146;C1AA; ;F205;MILANO;D;D16;MI00000323;9;Magazzini;NORMALE;P;400;550;L;2,4;3,2;L;
NORD-OVEST;LOMBARDIA;MI;3015146;C1AA; ;F205;MILANO;D;D16;MI00000323;5;Negozi;NORMALE;P;1400;2200;L;7;10,8;L;
NORD-OVEST;LOMBARDIA;MI;3015146;C1AA; ;F205;MILANO;D;D16;MI00000323;6;Uffici;OTTIMO;P;1500;2300;L;7,5;9,8;L;
NORD-OVEST;LOMBARDIA;MI;3015146;C1AA; ;F205;MILANO;D;D16;MI00000323;18;Uffici strutturati;OTTIMO;P;1650;3000;L;9;15,5;L;
NORD-OVEST;LOMBARDIA;MI;3015146;C1AA; ;F205;MILANO;D;D16;MI00000323;8;Capannoni industriali;OTTIMO;P;750;950;L;4,4;5,6;L;
NORD-OVEST;LOMBARDIA;MI;3015146;C1AA; ;F205;MILANO;D;D16;MI00000323;7;Capannoni tipici;OTTIMO;P;750;1050;L;4;5,8;L;
NORD-OVEST;LOMBARDIA;MI;3015146;C1AA; ;F205;MILANO;D;D16;MI00000323;10;Laboratori;NORMALE;P;700;900;L;3,6;4,8;L;
NORD-OVEST;LOMBARDIA;MI;3015146;C1AA; ;F205;MILANO;D;D18;MI00000325;20;Abitazioni civili;OTTIMO; ;2650;3100;L;7,3;9,5;L;
NORD-OVEST;LOMBARDIA;MI;3015146;C1AA; ;F205;MILANO;D;D18;MI00000325;20;Abitazioni civili;NORMALE;P;2000;2600;L;5,6;7;L;
NORD-OVEST;LOMBARDIA;MI;3015146;C1AA; ;F205;MILANO;D;D18;MI00000325;21;Abitazioni di tipo economico;NORMALE;P;1500;1650;L;4;4,5;L;
NORD-OVEST;LOMBARDIA;MI;3015146;C1AA; ;F205;MILANO;D;D18;MI00000325;21;Abitazioni di tipo economico;OTTIMO; ;1700;2350;L;4,6;6;L;
NORD-OVEST;LOMBARDIA;MI;3015146;C1AA; ;F205;MILANO;D;D18;MI00000325;13;Box;NORMALE;P;1350;1900;L;5,3;7,8;L;
NORD-OVEST;LOMBARDIA;MI;3015146;C1AA; ;F205;MILANO;D;D18;MI00000325;9;Magazzini;NORMALE;P;400;600;L;2;3,5;L;
NORD-OVEST;LOMBARDIA;MI;3015146;C1AA; ;F205;MILANO;D;D18;MI00000325;5;Negozi;NORMALE;P;1050;1500;L;5,8;8;L;
NORD-OVEST;LOMBARDIA;MI;3015146;C1AA; ;F205;MILANO;D;D18;MI00000325;6;Uffici;OTTIMO;P;1200;1800;L;6,5;8,7;L;
NORD-OVEST;LOMBARDIA;MI;3015146;C1AA; ;F205;MILANO;D;D18;MI00000325;18;Uffici strutturati;OTTIMO;P;1550;2200;L;9;12;L;
NORD-OVEST;LOMBARDIA;MI;3015146;C1AA; ;F205;MILANO;D;D18;MI00000325;8;Capannoni industriali;OTTIMO;P;800;950;L;4,6;6,2;L;
NORD-OVEST;LOMBARDIA;MI;3015146;C1AA; ;F205;MILANO;D;D18;MI00000325;7;Capannoni tipici;OTTIMO;P;850;1100;L;4,5;6;L;
NORD-OVEST;LOMBARDIA;MI;3015146;C1AA; ;F205;MILANO;D;D18;MI00000325;10;Laboratori;NORMALE;P;800;1050;L;4,5;6;L;
NORD-OVEST;LOMBARDIA;MI;3015146;C1AA; ;F205;MILANO;D;D20;MI00000327;20;Abitazioni civili;OTTIMO; ;2650;3700;L;9,2;12,8;L;
NORD-OVEST;LOMBARDIA;MI;3015146;C1AA; ;F205;MILANO;D;D20;MI00000327;20;Abitazioni civili;NORMALE;P;2100;2550;L;7,2;9;L;
NORD-OVEST;LOMBARDIA;MI;3015146;C1AA; ;F205;MILANO;D;D20;MI00000327;21;Abitazioni di tipo economico;OTTIMO; ;1950;2500;L;6,7;8,3;L;
NORD-OVEST;LOMBARDIA;MI;3015146;C1AA; ;F205;MILANO;D;D20;MI00000327;21;Abitazioni di tipo economico;NORMALE;P;1450;1850;L;5;6,5;L;
NORD-OVEST;LOMBARDIA;MI;3015146;C1AA; ;F205;MILANO;D;D20;MI00000327;13;Box;NORMALE;P;1300;1850;L;5,6;8;L;
NORD-OVEST;LOMBARDIA;MI;3015146;C1AA; ;F205;MILANO;D;D20;MI00000327;9;Magazzini;NORMALE;P;400;550;L;2,5;3,5;L;
NORD-OVEST;LOMBARDIA;MI;3015146;C1AA; ;F205;MILANO;D;D20;MI00000327;5;Negozi;NORMALE;P;1100;1400;L;6;7,6;L;
NORD-OVEST;LOMBARDIA;MI;3015146;C1AA; ;F205;MILANO;D;D20;MI00000327;6;Uffici;OTTIMO;P;1200;1450;L;6,5;8,5;L;
NORD-OVEST;LOMBARDIA;MI;3015146;C1AA; ;F205;MILANO;D;D20;MI00000327;18;Uffici strutturati;OTTIMO;P;1550;1950;L;8,8;11,2;L;
NORD-OVEST;LOMBARDIA;MI;3015146;C1AA; ;F205;MILANO;D;D20;MI00000327;8;Capannoni industriali;OTTIMO;P;800;1000;L;4,8;6;L;
NORD-OVEST;LOMBARDIA;MI;3015146;C1AA; ;F205;MILANO;D;D20;MI00000327;7;Capannoni tipici;OTTIMO;P;850;1050;L;5;6,5;L;
NORD-OVEST;LOMBARDIA;MI;3015146;C1AA; ;F205;MILANO;D;D20;MI00000327;10;Laboratori;NORMALE;P;750;950;L;4,5;5,8;L;
NORD-OVEST;LOMBARDIA;MI;3015146;C1AA; ;F205;MILANO;D;D21;MI00000328;20;Abitazioni civili;OTTIMO; ;2500;3400;L;10;14;L;
NORD-OVEST;LOMBARDIA;MI;3015146;C1AA; ;F205;MILANO;D;D21;MI00000328;20;Abitazioni civili;NORMALE;P;1950;2400;L;8;9,8;L;
NORD-OVEST;LOMBARDIA;MI;3015146;C1AA; ;F205;MILANO;D;D21;MI00000328;21;Abitazioni di tipo economico;OTTIMO; ;2000;2400;L;7;9;L;
NORD-OVEST;LOMBARDIA;MI;3015146;C1AA; ;F205;MILANO;D;D21;MI00000328;21;Abitazioni di tipo economico;NORMALE;P;1550;1900;L;5,5;6,8;L;
NORD-OVEST;LOMBARDIA;MI;3015146;C1AA; ;F205;MILANO;D;D21;MI00000328;13;Box;NORMALE;P;1400;2000;L;6;9,2;L;
NORD-OVEST;LOMBARDIA;MI;3015146;C1AA; ;F205;MILANO;D;D21;MI00000328;9;Magazzini;NORMALE;P;400;550;L;2,5;3,5;L;
NORD-OVEST;LOMBARDIA;MI;3015146;C1AA; ;F205;MILANO;D;D21;MI00000328;5;Negozi;NORMALE;P;1100;1650;L;7;10;L;
NORD-OVEST;LOMBARDIA;MI;3015146;C1AA; ;F205;MILANO;D;D21;MI00000328;6;Uffici;OTTIMO;P;1400;1800;L;7,2;9;L;
NORD-OVEST;LOMBARDIA;MI;3015146;C1AA; ;F205;MILANO;D;D21;MI00000328;18;Uffici strutturati;OTTIMO;P;1700;2000;L;9,5;12;L;
NORD-OVEST;LOMBARDIA;MI;3015146;C1AA; ;F205;MILANO;D;D21;MI00000328;8;Capannoni industriali;OTTIMO;P;800;950;L;4,6;6;L;
NORD-OVEST;LOMBARDIA;MI;3015146;C1AA; ;F205;MILANO;D;D21;MI00000328;7;Capannoni tipici;OTTIMO;P;800;950;L;4,8;6;L;
NORD-OVEST;LOMBARDIA;MI;3015146;C1AA; ;F205;MILANO;D;D21;MI00000328;10;Laboratori;NORMALE;P;800;1000;L;4,5;6;L;
NORD-OVEST;LOMBARDIA;MI;3015146;C1AA; ;F205;MILANO;D;D24;MI00000331;20;Abitazioni civili;OTTIMO; ;2650;3600;L;9,7;13;L;
NORD-OVEST;LOMBARDIA;MI;3015146;C1AA; ;F205;MILANO;D;D24;MI00000331;20;Abitazioni civili;NORMALE;P;1950;2600;L;7,1;9,6;L;
NORD-OVEST;LOMBARDIA;MI;3015146;C1AA; ;F205;MILANO;D;D24;MI00000331;21;Abitazioni di tipo economico;OTTIMO;P;2100;2600;L;7,6;9,2;L;
NORD-OVEST;LOMBARDIA;MI;3015146;C1AA; ;F205;MILANO;D;D24;MI00000331;21;Abitazioni di tipo economico;NORMALE; ;1500;2000;L;5,6;6,6;L;
NORD-OVEST;LOMBARDIA;MI;3015146;C1AA; ;F205;MILANO;D;D24;MI00000331;13;Box;NORMALE;P;1400;1700;L;6,5;8;L;
NORD-OVEST;LOMBARDIA;MI;3015146;C1AA; ;F205;MILANO;D;D24;MI00000331;9;Magazzini;NORMALE;P;350;500;L;2;3;L;
NORD-OVEST;LOMBARDIA;MI;3015146;C1AA; ;F205;MILANO;D;D24;MI00000331;5;Negozi;NORMALE;P;1300;2100;L;6,8;11;L;
NORD-OVEST;LOMBARDIA;MI;3015146;C1AA; ;F205;MILANO;D;D24;MI00000331;6;Uffici;OTTIMO;P;1400;2000;L;7,5;10,5;L;
NORD-OVEST;LOMBARDIA;MI;3015146;C1AA; ;F205;MILANO;D;D24;MI00000331;18;Uffici strutturati;OTTIMO;P;1900;2700;L;11;16;L;
NORD-OVEST;LOMBARDIA;MI;3015146;C1AA; ;F205;MILANO;D;D24;MI00000331;8;Capannoni industriali;OTTIMO;P;650;850;L;3,8;5;L;
NORD-OVEST;LOMBARDIA;MI;3015146;C1AA; ;F205;MILANO;D;D24;MI00000331;7;Capannoni tipici;OTTIMO;P;650;900;L;4;5,5;L;
NORD-OVEST;LOMBARDIA;MI;3015146;C1AA; ;F205;MILANO;D;D24;MI00000331;10;Laboratori;NORMALE;P;550;850;L;3,5;5,2;L;
NORD-OVEST;LOMBARDIA;MI;3015146;C1AA; ;F205;MILANO;D;D25;MI00000332;20;Abitazioni civili;OTTIMO; ;2200;3000;L;8;11;L;
NORD-OVEST;LOMBARDIA;MI;3015146;C1AA; ;F205;MILANO;D;D25;MI00000332;20;Abitazioni civili;NORMALE;P;1800;2200;L;6,5;8;L;
NORD-OVEST;LOMBARDIA;MI;3015146;C1AA; ;F205;MILANO;D;D25;MI00000332;21;Abitazioni di tipo economico;OTTIMO; ;1550;2100;L;6,3;8,2;L;
NORD-OVEST;LOMBARDIA;MI;3015146;C1AA; ;F205;MILANO;D;D25;MI00000332;21;Abitazioni di tipo economico;NORMALE;P;1450;1550;L;5,2;6,3;L;
NORD-OVEST;LOMBARDIA;MI;3015146;C1AA; ;F205;MILANO;D;D25;MI00000332;13;Box;NORMALE;P;1050;1600;L;4,8;7;L;
NORD-OVEST;LOMBARDIA;MI;3015146;C1AA; ;F205;MILANO;D;D25;MI00000332;9;Magazzini;NORMALE;P;350;450;L;2;3;L;
NORD-OVEST;LOMBARDIA;MI;3015146;C1AA; ;F205;MILANO;D;D25;MI00000332;5;Negozi;NORMALE;P;950;1600;L;5,8;9,1;L;
NORD-OVEST;LOMBARDIA;MI;3015146;C1AA; ;F205;MILANO;D;D25;MI00000332;6;Uffici;OTTIMO;P;1250;1650;L;6,5;8,5;L;
NORD-OVEST;LOMBARDIA;MI;3015146;C1AA; ;F205;MILANO;D;D25;MI00000332;18;Uffici strutturati;OTTIMO;P;1850;2500;L;10;13;L;
NORD-OVEST;LOMBARDIA;MI;3015146;C1AA; ;F205;MILANO;D;D25;MI00000332;8;Capannoni industriali;OTTIMO;P;750;900;L;4,2;5,6;L;
NORD-OVEST;LOMBARDIA;MI;3015146;C1AA; ;F205;MILANO;D;D25;MI00000332;7;Capannoni tipici;OTTIMO;P;850;950;L;4,2;5,8;L;
NORD-OVEST;LOMBARDIA;MI;3015146;C1AA; ;F205;MILANO;D;D25;MI00000332;10;Laboratori;NORMALE;P;550;700;L;3,2;4,5;L;
NORD-OVEST;LOMBARDIA;MI;3015146;C1AA; ;F205;MILANO;D;D28;MI00000335;20;Abitazioni civili;OTTIMO; ;3300;4400;L;10,5;14,5;L;
NORD-OVEST;LOMBARDIA;MI;3015146;C1AA; ;F205;MILANO;D;D28;MI00000335;20;Abitazioni civili;NORMALE;P;2250;3200;L;8;10;L;
NORD-OVEST;LOMBARDIA;MI;3015146;C1AA; ;F205;MILANO;D;D28;MI00000335;21;Abitazioni di tipo economico;NORMALE;P;1800;2300;L;6,5;8;L;
NORD-OVEST;LOMBARDIA;MI;3015146;C1AA; ;F205;MILANO;D;D28;MI00000335;21;Abitazioni di tipo economico;OTTIMO; ;2400;3100;L;8,5;10,5;L;
NORD-OVEST;LOMBARDIA;MI;3015146;C1AA; ;F205;MILANO;D;D28;MI00000335;13;Box;NORMALE;P;1500;2000;L;6,5;8,5;L;
NORD-OVEST;LOMBARDIA;MI;3015146;C1AA; ;F205;MILANO;D;D28;MI00000335;1;Ville e Villini;NORMALE;P;2700;3500;L;9,8;12,5;L;
NORD-OVEST;LOMBARDIA;MI;3015146;C1AA; ;F205;MILANO;D;D28;MI00000335;1;Ville e Villini;OTTIMO; ;3600;4700;L;12,8;17;L;
NORD-OVEST;LOMBARDIA;MI;3015146;C1AA; ;F205;MILANO;D;D28;MI00000335;9;Magazzini;NORMALE;P;400;500;L;2,2;3;L;
NORD-OVEST;LOMBARDIA;MI;3015146;C1AA; ;F205;MILANO;D;D28;MI00000335;5;Negozi;NORMALE;P;1100;1450;L;5,5;7,5;L;
NORD-OVEST;LOMBARDIA;MI;3015146;C1AA; ;F205;MILANO;D;D28;MI00000335;6;Uffici;OTTIMO;P;1450;2300;L;7,2;10,6;L;
NORD-OVEST;LOMBARDIA;MI;3015146;C1AA; ;F205;MILANO;D;D28;MI00000335;18;Uffici strutturati;OTTIMO;P;2200;3000;L;11;16,2;L;
NORD-OVEST;LOMBARDIA;MI;3015146;C1AA; ;F205;MILANO;D;D28;MI00000335;8;Capannoni industriali;OTTIMO;P;650;850;L;3,8;5,2;L;
NORD-OVEST;LOMBARDIA;MI;3015146;C1AA; ;F205;MILANO;D;D28;MI00000335;7;Capannoni tipici;OTTIMO;P;650;900;L;3,9;5,3;L;
NORD-OVEST;LOMBARDIA;MI;3015146;C1AA; ;F205;MILANO;D;D28;MI00000335;10;Laboratori;NORMALE;P;600;900;L;3,5;5,5;L;
NORD-OVEST;LOMBARDIA;MI;3015146;C1AA; ;F205;MILANO;D;D30;MI00004777;20;Abitazioni civili;OTTIMO; ;2500;3100;L;8,5;11;L;
NORD-OVEST;LOMBARDIA;MI;3015146;C1AA; ;F205;MILANO;D;D30;MI00004777;20;Abitazioni civili;NORMALE;P;1800;2450;L;6;8,2;L;
NORD-OVEST;LOMBARDIA;MI;3015146;C1AA; ;F205;MILANO;D;D30;MI00004777;21;Abitazioni di tipo economico;OTTIMO; ;1650;2300;L;5,8;8,2;L;
NORD-OVEST;LOMBARDIA;MI;3015146;C1AA; ;F205;MILANO;D;D30;MI00004777;21;Abitazioni di tipo economico;NORMALE;P;1400;1600;L;4,5;5,5;L;
NORD-OVEST;LOMBARDIA;MI;3015146;C1AA; ;F205;MILANO;D;D30;MI00004777;13;Box;NORMALE;P;1300;1500;L;5;6,2;L;
NORD-OVEST;LOMBARDIA;MI;3015146;C1AA; ;F205;MILANO;D;D30;MI00004777;9;Magazzini;NORMALE;P;500;700;L;3;4,2;L;
NORD-OVEST;LOMBARDIA;MI;3015146;C1AA; ;F205;MILANO;D;D30;MI00004777;5;Negozi;NORMALE;P;1150;1650;L;5,4;7,8;L;
NORD-OVEST;LOMBARDIA;MI;3015146;C1AA; ;F205;MILANO;D;D30;MI00004777;6;Uffici;OTTIMO;P;1300;1800;L;5,5;7,5;L;
NORD-OVEST;LOMBARDIA;MI;3015146;C1AA; ;F205;MILANO;D;D30;MI00004777;18;Uffici strutturati;OTTIMO;P;2000;2700;L;11;15,3;L;
NORD-OVEST;LOMBARDIA;MI;3015146;C1AA; ;F205;MILANO;D;D30;MI00004777;8;Capannoni industriali;OTTIMO;P;800;1050;L;4,2;5;L;
NORD-OVEST;LOMBARDIA;MI;3015146;C1AA; ;F205;MILANO;D;D30;MI00004777;7;Capannoni tipici;OTTIMO;P;800;1000;L;4,5;5,5;L;
NORD-OVEST;LOMBARDIA;MI;3015146;C1AA; ;F205;MILANO;D;D30;MI00004777;10;Laboratori;NORMALE;P;800;950;L;4,5;5,5;L;
NORD-OVEST;LOMBARDIA;MI;3015146;C1AA; ;F205;MILANO;D;D31;MI00004778;20;Abitazioni civili;OTTIMO; ;2500;3500;L;7,6;11;L;
NORD-OVEST;LOMBARDIA;MI;3015146;C1AA; ;F205;MILANO;D;D31;MI00004778;20;Abitazioni civili;NORMALE;P;1750;2400;L;5,2;7,5;L;
NORD-OVEST;LOMBARDIA;MI;3015146;C1AA; ;F205;MILANO;D;D31;MI00004778;21;Abitazioni di tipo economico;OTTIMO; ;1700;2200;L;5,2;6,8;L;
NORD-OVEST;LOMBARDIA;MI;3015146;C1AA; ;F205;MILANO;D;D31;MI00004778;21;Abitazioni di tipo economico;NORMALE;P;1400;1650;L;4,2;5;L;
NORD-OVEST;LOMBARDIA;MI;3015146;C1AA; ;F205;MILANO;D;D31;MI00004778;13;Box;NORMALE;P;1350;1750;L;6,2;7,5;L;
NORD-OVEST;LOMBARDIA;MI;3015146;C1AA; ;F205;MILANO;D;D31;MI00004778;9;Magazzini;NORMALE;P;550;750;L;2,8;3,8;L;
NORD-OVEST;LOMBARDIA;MI;3015146;C1AA; ;F205;MILANO;D;D31;MI00004778;5;Negozi;NORMALE;P;1650;2250;L;7;10;L;
NORD-OVEST;LOMBARDIA;MI;3015146;C1AA; ;F205;MILANO;D;D31;MI00004778;6;Uffici;OTTIMO;P;1550;2100;L;6;8;L;
NORD-OVEST;LOMBARDIA;MI;3015146;C1AA; ;F205;MILANO;D;D31;MI00004778;18;Uffici strutturati;OTTIMO;P;2000;2600;L;10,7;14,7;L;
NORD-OVEST;LOMBARDIA;MI;3015146;C1AA; ;F205;MILANO;D;D31;MI00004778;8;Capannoni industriali;OTTIMO;P;800;1000;L;4,5;5,5;L;
NORD-OVEST;LOMBARDIA;MI;3015146;C1AA; ;F205;MILANO;D;D31;MI00004778;7;Capannoni tipici;OTTIMO;P;850;1100;L;4,8;5,8;L;
NORD-OVEST;LOMBARDIA;MI;3015146;C1AA; ;F205;MILANO;D;D31;MI00004778;10;Laboratori;NORMALE;P;850;1200;L;4,6;6,4;L;
NORD-OVEST;LOMBARDIA;MI;3015146;C1AA; ;F205;MILANO;D;D32;MI00004779;20;Abitazioni civili;OTTIMO; ;2450;3400;L;7,7;10,3;L;
NORD-OVEST;LOMBARDIA;MI;3015146;C1AA; ;F205;MILANO;D;D32;MI00004779;20;Abitazioni civili;NORMALE;P;1700;2400;L;5,5;7,6;L;
NORD-OVEST;LOMBARDIA;MI;3015146;C1AA; ;F205;MILANO;D;D32;MI00004779;21;Abitazioni di tipo economico;NORMALE;P;1500;1700;L;4,8;5,6;L;
NORD-OVEST;LOMBARDIA;MI;3015146;C1AA; ;F205;MILANO;D;D32;MI00004779;21;Abitazioni di tipo economico;OTTIMO; ;1750;2300;L;5,7;7,5;L;
NORD-OVEST;LOMBARDIA;MI;3015146;C1AA; ;F205;MILANO;D;D32;MI00004779;13;Box;NORMALE;P;1300;1700;L;5,2;7,5;L;
NORD-OVEST;LOMBARDIA;MI;3015146;C1AA; ;F205;MILANO;D;D32;MI00004779;1;Ville e Villini;NORMALE;P;1950;2450;L;6;7,6;L;
NORD-OVEST;LOMBARDIA;MI;3015146;C1AA; ;F205;MILANO;D;D32;MI00004779;1;Ville e Villini;OTTIMO; ;2500;3400;L;7,8;10,5;L;
NORD-OVEST;LOMBARDIA;MI;3015146;C1AA; ;F205;MILANO;D;D32;MI00004779;9;Magazzini;NORMALE;P;450;650;L;2,3;3,5;L;
NORD-OVEST;LOMBARDIA;MI;3015146;C1AA; ;F205;MILANO;D;D32;MI00004779;5;Negozi;NORMALE;P;1450;1900;L;7,2;9;L;
NORD-OVEST;LOMBARDIA;MI;3015146;C1AA; ;F205;MILANO;D;D32;MI00004779;6;Uffici;OTTIMO;P;1500;1900;L;6,2;8;L;
NORD-OVEST;LOMBARDIA;MI;3015146;C1AA; ;F205;MILANO;D;D32;MI00004779;18;Uffici strutturati;OTTIMO;P;1550;2400;L;8,7;12,5;L;
NORD-OVEST;LOMBARDIA;MI;3015146;C1AA; ;F205;MILANO;D;D32;MI00004779;8;Capannoni industriali;OTTIMO;P;800;950;L;4,4;5,2;L;
NORD-OVEST;LOMBARDIA;MI;3015146;C1AA; ;F205;MILANO;D;D32;MI00004779;7;Capannoni tipici;OTTIMO;P;850;1050;L;4,7;5,5;L;
NORD-OVEST;LOMBARDIA;MI;3015146;C1AA; ;F205;MILANO;D;D32;MI00004779;10;Laboratori;NORMALE;P;750;1000;L;4,4;5,6;L;
NORD-OVEST;LOMBARDIA;MI;3015146;C1AA; ;F205;MILANO;D;D33;MI00004780;20;Abitazioni civili;OTTIMO; ;2500;3400;L;8,3;10,7;L;
NORD-OVEST;LOMBARDIA;MI;3015146;C1AA; ;F205;MILANO;D;D33;MI00004780;20;Abitazioni civili;NORMALE;P;1850;2450;L;6,3;8;L;
NORD-OVEST;LOMBARDIA;MI;3015146;C1AA; ;F205;MILANO;D;D33;MI00004780;21;Abitazioni di tipo economico;OTTIMO; ;2050;2500;L;6,5;7,5;L;
NORD-OVEST;LOMBARDIA;MI;3015146;C1AA; ;F205;MILANO;D;D33;MI00004780;21;Abitazioni di tipo economico;NORMALE;P;1700;1850;L;5,2;6,2;L;
NORD-OVEST;LOMBARDIA;MI;3015146;C1AA; ;F205;MILANO;D;D33;MI00004780;13;Box;NORMALE;P;1350;1850;L;5;7;L;
NORD-OVEST;LOMBARDIA;MI;3015146;C1AA; ;F205;MILANO;D;D33;MI00004780;9;Magazzini;NORMALE;P;450;600;L;2,5;3,5;L;
NORD-OVEST;LOMBARDIA;MI;3015146;C1AA; ;F205;MILANO;D;D33;MI00004780;5;Negozi;NORMALE;P;1350;1900;L;6,2;9,1;L;
NORD-OVEST;LOMBARDIA;MI;3015146;C1AA; ;F205;MILANO;D;D33;MI00004780;6;Uffici;OTTIMO;P;1650;1950;L;6;7,5;L;
NORD-OVEST;LOMBARDIA;MI;3015146;C1AA; ;F205;MILANO;D;D33;MI00004780;18;Uffici strutturati;OTTIMO;P;1950;2450;L;10;12,8;L;
NORD-OVEST;LOMBARDIA;MI;3015146;C1AA; ;F205;MILANO;D;D33;MI00004780;8;Capannoni industriali;OTTIMO;P;800;1000;L;4,3;5,5;L;
NORD-OVEST;LOMBARDIA;MI;3015146;C1AA; ;F205;MILANO;D;D33;MI00004780;7;Capannoni tipici;OTTIMO;P;850;1150;L;4,4;5,8;L;
NORD-OVEST;LOMBARDIA;MI;3015146;C1AA; ;F205;MILANO;D;D33;MI00004780;10;Laboratori;NORMALE;P;800;1000;L;5;6,3;L;
NORD-OVEST;LOMBARDIA;MI;3015146;C1AA; ;F205;MILANO;D;D34;MI00004781;20;Abitazioni civili;OTTIMO; ;2600;3600;L;8,4;11,7;L;
NORD-OVEST;LOMBARDIA;MI;3015146;C1AA; ;F205;MILANO;D;D34;MI00004781;20;Abitazioni civili;NORMALE;P;2100;2500;L;6;8;L;
NORD-OVEST;LOMBARDIA;MI;3015146;C1AA; ;F205;MILANO;D;D34;MI00004781;21;Abitazioni di tipo economico;OTTIMO; ;2200;2600;L;6,2;8;L;
NORD-OVEST;LOMBARDIA;MI;3015146;C1AA; ;F205;MILANO;D;D34;MI00004781;21;Abitazioni di tipo economico;NORMALE;P;1500;2100;L;4,5;6;L;
NORD-OVEST;LOMBARDIA;MI;3015146;C1AA; ;F205;MILANO;D;D34;MI00004781;13;Box;NORMALE;P;1300;1700;L;4,5;7;L;
NORD-OVEST;LOMBARDIA;MI;3015146;C1AA; ;F205;MILANO;D;D34;MI00004781;9;Magazzini;NORMALE;P;600;800;L;3,2;4,4;L;
NORD-OVEST;LOMBARDIA;MI;3015146;C1AA; ;F205;MILANO;D;D34;MI00004781;5;Negozi;NORMALE;P;1300;1750;L;7,5;10,2;L;
NORD-OVEST;LOMBARDIA;MI;3015146;C1AA; ;F205;MILANO;D;D34;MI00004781;6;Uffici;OTTIMO;P;1500;2000;L;7,6;10;L;
NORD-OVEST;LOMBARDIA;MI;3015146;C1AA; ;F205;MILANO;D;D34;MI00004781;18;Uffici strutturati;OTTIMO;P;2150;3000;L;11,5;16,5;L;
NORD-OVEST;LOMBARDIA;MI;3015146;C1AA; ;F205;MILANO;D;D34;MI00004781;8;Capannoni industriali;OTTIMO;P;750;1000;L;4;5,5;L;
NORD-OVEST;LOMBARDIA;MI;3015146;C1AA; ;F205;MILANO;D;D34;MI00004781;7;Capannoni tipici;OTTIMO;P;800;1050;L;4,2;5,2;L;
NORD-OVEST;LOMBARDIA;MI;3015146;C1AA; ;F205;MILANO;D;D34;MI00004781;10;Laboratori;NORMALE;P;800;950;L;4,3;5,8;L;
NORD-OVEST;LOMBARDIA;MI;3015146;C1AA; ;F205;MILANO;D;D35;MI00004782;20;Abitazioni civili;OTTIMO; ;2300;3400;L;7,9;11;L;
NORD-OVEST;LOMBARDIA;MI;3015146;C1AA; ;F205;MILANO;D;D35;MI00004782;20;Abitazioni civili;NORMALE;P;1800;2300;L;6,5;7,8;L;
NORD-OVEST;LOMBARDIA;MI;3015146;C1AA; ;F205;MILANO;D;D35;MI00004782;21;Abitazioni di tipo economico;OTTIMO; ;1750;2300;L;6,2;7,8;L;
NORD-OVEST;LOMBARDIA;MI;3015146;C1AA; ;F205;MILANO;D;D35;MI00004782;21;Abitazioni di tipo economico;NORMALE;P;1600;1750;L;5,2;6;L;
NORD-OVEST;LOMBARDIA;MI;3015146;C1AA; ;F205;MILANO;D;D35;MI00004782;13;Box;NORMALE;P;1250;1900;L;5,2;8;L;
NORD-OVEST;LOMBARDIA;MI;3015146;C1AA; ;F205;MILANO;D;D35;MI00004782;9;Magazzini;NORMALE;P;650;800;L;4;5;L;
NORD-OVEST;LOMBARDIA;MI;3015146;C1AA; ;F205;MILANO;D;D35;MI00004782;5;Negozi;NORMALE;P;1600;2300;L;7;10;L;
NORD-OVEST;LOMBARDIA;MI;3015146;C1AA; ;F205;MILANO;D;D35;MI00004782;6;Uffici;OTTIMO;P;1550;2150;L;7;9,5;L;
NORD-OVEST;LOMBARDIA;MI;3015146;C1AA; ;F205;MILANO;D;D35;MI00004782;18;Uffici strutturati;OTTIMO;P;2100;2650;L;11;14;L;
NORD-OVEST;LOMBARDIA;MI;3015146;C1AA; ;F205;MILANO;D;D35;MI00004782;8;Capannoni industriali;OTTIMO;P;800;1050;L;4,3;6;L;
NORD-OVEST;LOMBARDIA;MI;3015146;C1AA; ;F205;MILANO;D;D35;MI00004782;7;Capannoni tipici;OTTIMO;P;700;1050;L;4;5,8;L;
NORD-OVEST;LOMBARDIA;MI;3015146;C1AA; ;F205;MILANO;D;D35;MI00004782;10;Laboratori;NORMALE;P;900;1200;L;5;7,2;L;
NORD-OVEST;LOMBARDIA;MI;3015146;C1AA; ;F205;MILANO;D;D36;MI00004783;20;Abitazioni civili;OTTIMO; ;2600;3500;L;8,8;11,5;L;
NORD-OVEST;LOMBARDIA;MI;3015146;C1AA; ;F205;MILANO;D;D36;MI00004783;20;Abitazioni civili;NORMALE;P;1850;2550;L;6,8;8,7;L;
NORD-OVEST;LOMBARDIA;MI;3015146;C1AA; ;F205;MILANO;D;D36;MI00004783;21;Abitazioni di tipo economico;OTTIMO; ;2050;2600;L;7;9;L;
NORD-OVEST;LOMBARDIA;MI;3015146;C1AA; ;F205;MILANO;D;D36;MI00004783;21;Abitazioni di tipo economico;NORMALE;P;1550;1950;L;5,3;6,8;L;
NORD-OVEST;LOMBARDIA;MI;3015146;C1AA; ;F205;MILANO;D;D36;MI00004783;13;Box;NORMALE;P;1450;2000;L;6,5;9;L;
NORD-OVEST;LOMBARDIA;MI;3015146;C1AA; ;F205;MILANO;D;D36;MI00004783;9;Magazzini;NORMALE;P;600;850;L;3,5;5;L;
NORD-OVEST;LOMBARDIA;MI;3015146;C1AA; ;F205;MILANO;D;D36;MI00004783;5;Negozi;NORMALE;P;1300;1900;L;7,5;11;L;
NORD-OVEST;LOMBARDIA;MI;3015146;C1AA; ;F205;MILANO;D;D36;MI00004783;6;Uffici;OTTIMO;P;1600;2200;L;7;10;L;
NORD-OVEST;LOMBARDIA;MI;3015146;C1AA; ;F205;MILANO;D;D36;MI00004783;18;Uffici strutturati;OTTIMO;P;2000;2900;L;10;15;L;
NORD-OVEST;LOMBARDIA;MI;3015146;C1AA; ;F205;MILANO;D;D36;MI00004783;8;Capannoni industriali;OTTIMO;P;850;1000;L;5;5,8;L;
NORD-OVEST;LOMBARDIA;MI;3015146;C1AA; ;F205;MILANO;D;D36;MI00004783;7;Capannoni tipici;OTTIMO;P;800;1050;L;4,5;6;L;
NORD-OVEST;LOMBARDIA;MI;3015146;C1AA; ;F205;MILANO;D;D36;MI00004783;10;Laboratori;NORMALE;P;850;1200;L;4,8;7,2;L;
NORD-OVEST;LOMBARDIA;MI;3015146;C1AA; ;F205;MILANO;E;E5;MI00004784;20;Abitazioni civili;OTTIMO; ;2300;2600;L;7,5;8,5;L;
NORD-OVEST;LOMBARDIA;MI;3015146;C1AA; ;F205;MILANO;E;E5;MI00004784;20;Abitazioni civili;NORMALE;P;1650;2250;L;5;7,2;L;
NORD-OVEST;LOMBARDIA;MI;3015146;C1AA; ;F205;MILANO;E;E5;MI00004784;21;Abitazioni di tipo economico;NORMALE;P;1400;1600;L;4,7;5,8;L;
NORD-OVEST;LOMBARDIA;MI;3015146;C1AA; ;F205;MILANO;E;E5;MI00004784;21;Abitazioni di tipo economico;OTTIMO; ;1700;2050;L;6;7;L;
NORD-OVEST;LOMBARDIA;MI;3015146;C1AA; ;F205;MILANO;E;E5;MI00004784;13;Box;NORMALE;P;1100;1300;L;4,8;5,8;L;
NORD-OVEST;LOMBARDIA;MI;3015146;C1AA; ;F205;MILANO;E;E5;MI00004784;1;Ville e Villini;NORMALE;P;1800;2300;L;6;7,6;L;
NORD-OVEST;LOMBARDIA;MI;3015146;C1AA; ;F205;MILANO;E;E5;MI00004784;1;Ville e Villini;OTTIMO; ;2400;2750;L;7,8;9,5;L;
NORD-OVEST;LOMBARDIA;MI;3015146;C1AA; ;F205;MILANO;E;E5;MI00004784;9;Magazzini;NORMALE;P;450;550;L;2;3;L;
NORD-OVEST;LOMBARDIA;MI;3015146;C1AA; ;F205;MILANO;E;E5;MI00004784;5;Negozi;NORMALE;P;800;1200;L;4;6,5;L;
NORD-OVEST;LOMBARDIA;MI;3015146;C1AA; ;F205;MILANO;E;E5;MI00004784;6;Uffici;OTTIMO;P;900;1300;L;4,5;5,8;L;
NORD-OVEST;LOMBARDIA;MI;3015146;C1AA; ;F205;MILANO;E;E5;MI00004784;18;Uffici strutturati;OTTIMO;P;1600;2150;L;9,3;12,5;L;
NORD-OVEST;LOMBARDIA;MI;3015146;C1AA; ;F205;MILANO;E;E5;MI00004784;8;Capannoni industriali;OTTIMO;P;600;850;L;3,5;5,2;L;
NORD-OVEST;LOMBARDIA;MI;3015146;C1AA; ;F205;MILANO;E;E5;MI00004784;7;Capannoni tipici;OTTIMO;P;600;900;L;3,6;5,2;L;
NORD-OVEST;LOMBARDIA;MI;3015146;C1AA; ;F205;MILANO;E;E5;MI00004784;10;Laboratori;NORMALE;P;500;650;L;3;3,8;L;
NORD-OVEST;LOMBARDIA;MI;3015146;C1AA; ;F205;MILANO;E;E6;MI00004785;20;Abitazioni civili;OTTIMO; ;2300;2800;L;7,8;10;L;
NORD-OVEST;LOMBARDIA;MI;3015146;C1AA; ;F205;MILANO;E;E6;MI00004785;20;Abitazioni civili;NORMALE;P;1600;2200;L;5,5;7,3;L;
NORD-OVEST;LOMBARDIA;MI;3015146;C1AA; ;F205;MILANO;E;E6;MI00004785;21;Abitazioni di tipo economico;OTTIMO; ;1600;1700;L;5,6;6;L;
NORD-OVEST;LOMBARDIA;MI;3015146;C1AA; ;F205;MILANO;E;E6;MI00004785;21;Abitazioni di tipo economico;NORMALE;P;1250;1500;L;4,3;5,2;L;
NORD-OVEST;LOMBARDIA;MI;3015146;C1AA; ;F205;MILANO;E;E6;MI00004785;13;Box;NORMALE;P;1250;1450;L;5,2;6,2;L;
NORD-OVEST;LOMBARDIA;MI;3015146;C1AA; ;F205;MILANO;E;E6;MI00004785;9;Magazzini;NORMALE;P;300;450;L;1,8;2,5;L;
NORD-OVEST;LOMBARDIA;MI;3015146;C1AA; ;F205;MILANO;E;E6;MI00004785;5;Negozi;NORMALE;P;900;1400;L;5,1;8,6;L;
NORD-OVEST;LOMBARDIA;MI;3015146;C1AA; ;F205;MILANO;E;E6;MI00004785;6;Uffici;OTTIMO;P;1150;1600;L;6;8,2;L;
NORD-OVEST;LOMBARDIA;MI;3015146;C1AA; ;F205;MILANO;E;E6;MI00004785;18;Uffici strutturati;OTTIMO;P;1750;2450;L;9,7;14;L;
NORD-OVEST;LOMBARDIA;MI;3015146;C1AA; ;F205;MILANO;E;E6;MI00004785;8;Capannoni industriali;OTTIMO;P;700;950;L;4;5,5;L;
NORD-OVEST;LOMBARDIA;MI;3015146;C1AA; ;F205;MILANO;E;E6;MI00004785;7;Capannoni tipici;OTTIMO;P;700;950;L;4;5,8;L;
NORD-OVEST;LOMBARDIA;MI;3015146;C1AA; ;F205;MILANO;E;E6;MI00004785;10;Laboratori;NORMALE;P;500;700;L;3;4;L;
NORD-OVEST;LOMBARDIA;MI;3015146;C1AA; ;F205;MILANO;E;E7;MI00004786;20;Abitazioni civili;OTTIMO; ;2050;2950;L;6,8;9,8;L;
NORD-OVEST;LOMBARDIA;MI;3015146;C1AA; ;F205;MILANO;E;E7;MI00004786;20;Abitazioni civili;NORMALE;P;1700;2050;L;5;6,7;L;
NORD-OVEST;LOMBARDIA;MI;3015146;C1AA; ;F205;MILANO;E;E7;MI00004786;21;Abitazioni di tipo economico;OTTIMO; ;1350;1800;L;4,5;6;L;
NORD-OVEST;LOMBARDIA;MI;3015146;C1AA; ;F205;MILANO;E;E7;MI00004786;21;Abitazioni di tipo economico;NORMALE;P;1100;1300;L;3,8;4,5;L;
NORD-OVEST;LOMBARDIA;MI;3015146;C1AA; ;F205;MILANO;E;E7;MI00004786;13;Box;NORMALE;P;1200;1650;L;5,5;7,5;L;
NORD-OVEST;LOMBARDIA;MI;3015146;C1AA; ;F205;MILANO;E;E7;MI00004786;9;Magazzini;NORMALE;P;350;500;L;2;3;L;
NORD-OVEST;LOMBARDIA;MI;3015146;C1AA; ;F205;MILANO;E;E7;MI00004786;5;Negozi;NORMALE;P;900;1200;L;4,5;7;L;
NORD-OVEST;LOMBARDIA;MI;3015146;C1AA; ;F205;MILANO;E;E7;MI00004786;6;Uffici;OTTIMO;P;1250;1500;L;6,3;7,8;L;
NORD-OVEST;LOMBARDIA;MI;3015146;C1AA; ;F205;MILANO;E;E7;MI00004786;18;Uffici strutturati;OTTIMO;P;1350;1950;L;8,2;11,8;L;
NORD-OVEST;LOMBARDIA;MI;3015146;C1AA; ;F205;MILANO;E;E7;MI00004786;8;Capannoni industriali;OTTIMO;P;750;900;L;4,2;5,4;L;
NORD-OVEST;LOMBARDIA;MI;3015146;C1AA; ;F205;MILANO;E;E7;MI00004786;7;Capannoni tipici;OTTIMO;P;750;950;L;4,2;5,5;L;
NORD-OVEST;LOMBARDIA;MI;3015146;C1AA; ;F205;MILANO;E;E7;MI00004786;10;Laboratori;NORMALE;P;450;700;L;2,5;4;L;
NORD-OVEST;LOMBARDIA;MI;3015146;C1AA; ;F205;MILANO;E;E8;MI00004787;20;Abitazioni civili;OTTIMO; ;1950;2750;L;6,2;9,2;L;
NORD-OVEST;LOMBARDIA;MI;3015146;C1AA; ;F205;MILANO;E;E8;MI00004787;20;Abitazioni civili;NORMALE;P;1650;1900;L;5;6;L;
NORD-OVEST;LOMBARDIA;MI;3015146;C1AA; ;F205;MILANO;E;E8;MI00004787;21;Abitazioni di tipo economico;OTTIMO; ;1650;2050;L;5,2;6,5;L;
NORD-OVEST;LOMBARDIA;MI;3015146;C1AA; ;F205;MILANO;E;E8;MI00004787;21;Abitazioni di tipo economico;NORMALE;P;1400;1550;L;4;5;L;
NORD-OVEST;LOMBARDIA;MI;3015146;C1AA; ;F205;MILANO;E;E8;MI00004787;13;Box;NORMALE;P;1050;1400;L;4,3;5,5;L;
NORD-OVEST;LOMBARDIA;MI;3015146;C1AA; ;F205;MILANO;E;E8;MI00004787;9;Magazzini;NORMALE;P;400;600;L;2,2;3,4;L;
NORD-OVEST;LOMBARDIA;MI;3015146;C1AA; ;F205;MILANO;E;E8;MI00004787;5;Negozi;NORMALE;P;900;1550;L;4;7;L;
NORD-OVEST;LOMBARDIA;MI;3015146;C1AA; ;F205;MILANO;E;E8;MI00004787;6;Uffici;OTTIMO;P;1200;1600;L;6,5;8;L;
NORD-OVEST;LOMBARDIA;MI;3015146;C1AA; ;F205;MILANO;E;E8;MI00004787;18;Uffici strutturati;OTTIMO;P;1550;2100;L;8,5;11;L;
NORD-OVEST;LOMBARDIA;MI;3015146;C1AA; ;F205;MILANO;E;E8;MI00004787;8;Capannoni industriali;OTTIMO;P;700;950;L;3,8;5;L;
NORD-OVEST;LOMBARDIA;MI;3015146;C1AA; ;F205;MILANO;E;E8;MI00004787;7;Capannoni tipici;OTTIMO;P;750;1000;L;4;5,4;L;
NORD-OVEST;LOMBARDIA;MI;3015146;C1AA; ;F205;MILANO;E;E8;MI00004787;10;Laboratori;NORMALE;P;650;850;L;3,9;5,2;L;
