Quotazioni Immobiliari : Valori di Mercato - Semestre 2012/1 - elaborazione del 07-APR-23
Area_territoriale;Regione;Prov;Comune_ISTAT;Comune_cat;Sez;Comune_amm;Comune_descrizione;Fascia;Zona;LinkZona;Cod_Tip;Descr_Tipologia;Stato;Stato_prev;Compr_min;Compr_max;Sup_NL_compr;Loc_min;Loc_max;Sup_NL_loc;
NORD-OVEST;LOMBARDIA;MI;3015146;C1AA; ;F205;MILANO;B;B01;MI00000290;20;Abitazioni civili;SCADENTE; ;3800;4300;L;10;13;L;
NORD-OVEST;LOMBARDIA;MI;3015146;C1AA; ;F205;MILANO;B;B01;MI00000290;20;Abitazioni civili;OTTIMO; ;6000;8000;L;15;20,8;L;
NORD-OVEST;LOMBARDIA;MI;3015146;C1AA; ;F205;MILANO;B;B01;MI00000290;20;Abitazioni civili;NORMALE;P;4300;6000;L;13,5;15;L;
NORD-OVEST;LOMBARDIA;MI;3015146;C1AA; ;F205;MILANO;B;B01;MI00000290;21;Abitazioni di tipo economico;NORMALE;P;4000;5300;L;12;17;L;
NORD-OVEST;LOMBARDIA;MI;3015146;C1AA; ;F205;MILANO;B;B01;MI00000290;21;Abitazioni di tipo economico;OTTIMO; ;5300;6600;L;15,5;21;L;
NORD-OVEST;LOMBARDIA;MI;3015146;C1AA; ;F205;MILANO;B;B01;MI00000290;21;Abitazioni di tipo economico;SCADENTE; ;3400;4000;L;11;14,5;L;
NORD-OVEST;LOMBARDIA;MI;3015146;C1AA; ;F205;MILANO;B;B01;MI00000290;13;Box;NORMALE;P;2550;3600;L;7;10;L;
NORD-OVEST;LOMBARDIA;MI;3015146;C1AA; ;F205;MILANO;B;B01;MI00000290;1;Ville e Villini;OTTIMO; ;6000;8000;L;16,5;24;L;
NORD-OVEST;LOMBARDIA;MI;3015146;C1AA; ;F205;MILANO;B;B01;MI00000290;1;Ville e Villini;NORMALE;P;4500;6000;L;15,5;17,5;L;
NORD-OVEST;LOMBARDIA;MI;3015146;C1AA; ;F205;MILANO;B;B01;MI00000290;1;Ville e Villini;SCADENTE; ;4000;5000;L;12,5;15,5;L;
NORD-OVEST;LOMBARDIA;MI;3015146;C1AA; ;F205;MILANO;B;B01;MI00000290;9;Magazzini;NORMALE;P;1000;1200;L;4,8;6,6;L;
NORD-OVEST;LOMBARDIA;MI;3015146;C1AA; ;F205;MILANO;B;B01;MI00000290;5;Negozi;NORMALE;P;3800;5300;L;16,5;23,8;L;
NORD-OVEST;LOMBARDIA;MI;3015146;C1AA; ;F205;MILANO;B;B01;MI00000290;6;Uffici;OTTIMO;P;3500;4500;L;17;21;L;
NORD-OVEST;LOMBARDIA;MI;3015146;C1AA; ;F205;MILANO;B;B01;MI00000290;18;Uffici strutturati;OTTIMO;P;4000;5000;L;18;23,8;L;
NORD-OVEST;LOMBARDIA;MI;3015146;C1AA; ;F205;MILANO;B;B01;MI00000290;10;Laboratori;NORMALE;P;1800;2200;L;10,8;13,2;L;
NORD-OVEST;LOMBARDIA;MI;3015146;C1AA; ;F205;MILANO;B;B02;MI00000291;20;Abitazioni civili;SCADENTE; ;3300;4300;L;11;14,5;L;
NORD-OVEST;LOMBARDIA;MI;3015146;C1AA; ;F205;MILANO;B;B02;MI00000291;20;Abitazioni civili;OTTIMO; ;5600;7800;L;18,5;25,5;L;
NORD-OVEST;LOMBARDIA;MI;3015146;C1AA; ;F205;MILANO;B;B02;MI00000291;20;Abitazioni civili;NORMALE;P;4300;5600;L;14;18,5;L;
NORD-OVEST;LOMBARDIA;MI;3015146;C1AA; ;F205;MILANO;B;B02;MI00000291;21;Abitazioni di tipo economico;OTTIMO; ;4000;5100;L;13,5;18;L;
NORD-OVEST;LOMBARDIA;MI;3015146;C1AA; ;F205;MILANO;B;B02;MI00000291;21;Abitazioni di tipo economico;NORMALE;P;3100;4000;L;11,5;14;L;
NORD-OVEST;LOMBARDIA;MI;3015146;C1AA; ;F205;MILANO;B;B02;MI00000291;21;Abitazioni di tipo economico;SCADENTE; ;2400;3100;L;9;11,5;L;
NORD-OVEST;LOMBARDIA;MI;3015146;C1AA; ;F205;MILANO;B;B02;MI00000291;13;Box;NORMALE;P;2500;3600;L;9;13;L;
NORD-OVEST;LOMBARDIA;MI;3015146;C1AA; ;F205;MILANO;B;B02;MI00000291;9;Magazzini;NORMALE;P;900;1100;L;4,8;6,6;L;
NORD-OVEST;LOMBARDIA;MI;3015146;C1AA; ;F205;MILANO;B;B02;MI00000291;5;Negozi;NORMALE;P;3300;4700;L;14,2;21;L;
NORD-OVEST;LOMBARDIA;MI;3015146;C1AA; ;F205;MILANO;B;B02;MI00000291;6;Uffici;OTTIMO;P;3500;4700;L;14,5;18;L;
NORD-OVEST;LOMBARDIA;MI;3015146;C1AA; ;F205;MILANO;B;B02;MI00000291;18;Uffici strutturati;OTTIMO;P;3800;5200;L;18,7;26;L;
NORD-OVEST;LOMBARDIA;MI;3015146;C1AA; ;F205;MILANO;B;B02;MI00000291;10;Laboratori;NORMALE;P;1500;1700;L;8,2;10;L;
NORD-OVEST;LOMBARDIA;MI;3015146;C1AA; ;F205;MILANO;B;B03;MI00000292;20;Abitazioni civili;SCADENTE; ;3500;4500;L;13;16;L;
NORD-OVEST;LOMBARDIA;MI;3015146;C1AA; ;F205;MILANO;B;B03;MI00000292;20;Abitazioni civili;OTTIMO; ;6100;8500;L;20;27,8;L;
NORD-OVEST;LOMBARDIA;MI;3015146;C1AA; ;F205;MILANO;B;B03;MI00000292;20;Abitazioni civili;NORMALE;P;4400;6100;L;16;20;L;
NORD-OVEST;LOMBARDIA;MI;3015146;C1AA; ;F205;MILANO;B;B03;MI00000292;21;Abitazioni di tipo economico;OTTIMO;P;4300;5500;L;16,5;21;L;
NORD-OVEST;LOMBARDIA;MI;3015146;C1AA; ;F205;MILANO;B;B03;MI00000292;21;Abitazioni di tipo economico;NORMALE; ;3500;4300;L;12,5;16,5;L;
NORD-OVEST;LOMBARDIA;MI;3015146;C1AA; ;F205;MILANO;B;B03;MI00000292;21;Abitazioni di tipo economico;SCADENTE; ;2800;3700;L;10,5;13,5;L;
NORD-OVEST;LOMBARDIA;MI;3015146;C1AA; ;F205;MILANO;B;B03;MI00000292;13;Box;NORMALE;P;2500;3600;L;8,5;12,5;L;
NORD-OVEST;LOMBARDIA;MI;3015146;C1AA; ;F205;MILANO;B;B03;MI00000292;9;Magazzini;NORMALE;P;1200;1450;L;7,2;8,6;L;
NORD-OVEST;LOMBARDIA;MI;3015146;C1AA; ;F205;MILANO;B;B03;MI00000292;5;Negozi;NORMALE;P;3600;5300;L;16;23;L;
NORD-OVEST;LOMBARDIA;MI;3015146;C1AA; ;F205;MILANO;B;B03;MI00000292;6;Uffici;OTTIMO;P;4000;5500;L;17;23;L;
NORD-OVEST;LOMBARDIA;MI;3015146;C1AA; ;F205;MILANO;B;B03;MI00000292;18;Uffici strutturati;OTTIMO;P;4000;5800;L;20;30;L;
NORD-OVEST;LOMBARDIA;MI;3015146;C1AA; ;F205;MILANO;B;B03;MI00000292;10;Laboratori;NORMALE;P;1700;2000;L;10,2;12;L;
NORD-OVEST;LOMBARDIA;MI;3015146;C1AA; ;F205;MILANO;B;B04;MI00000293;20;Abitazioni civili;SCADENTE; ;5000;5900;L;13;16;L;
NORD-OVEST;LOMBARDIA;MI;3015146;C1AA; ;F205;MILANO;B;B04;MI00000293;20;Abitazioni civili;OTTIMO; ;7500;10000;L;20;29;L;
NORD-OVEST;LOMBARDIA;MI;3015146;C1AA; ;F205;MILANO;B;B04;MI00000293;20;Abitazioni civili;NORMALE;P;5900;7500;L;17;19;L;
NORD-OVEST;LOMBARDIA;MI;3015146;C1AA; ;F205;MILANO;B;B04;MI00000293;21;Abitazioni di tipo economico;SCADENTE; ;4000;4400;L;12;16;L;
NORD-OVEST;LOMBARDIA;MI;3015146;C1AA; ;F205;MILANO;B;B04;MI00000293;21;Abitazioni di tipo economico;OTTIMO; ;5500;7500;L;20;22;L;
NORD-OVEST;LOMBARDIA;MI;3015146;C1AA; ;F205;MILANO;B;B04;MI00000293;21;Abitazioni di tipo economico;NORMALE;P;4400;5500;L;16;18;L;
NORD-OVEST;LOMBARDIA;MI;3015146;C1AA; ;F205;MILANO;B;B04;MI00000293;13;Box;NORMALE;P;3500;5100;L;12;18;L;
NORD-OVEST;LOMBARDIA;MI;3015146;C1AA; ;F205;MILANO;B;B04;MI00000293;9;Magazzini;NORMALE;P;900;1300;L;5,4;7,8;L;
NORD-OVEST;LOMBARDIA;MI;3015146;C1AA; ;F205;MILANO;B;B04;MI00000293;5;Negozi;OTTIMO; ;6000;8600;L;28;40;L;
NORD-OVEST;LOMBARDIA;MI;3015146;C1AA; ;F205;MILANO;B;B04;MI00000293;5;Negozi;NORMALE;P;3500;4500;L;16;21;L;
NORD-OVEST;LOMBARDIA;MI;3015146;C1AA; ;F205;MILANO;B;B04;MI00000293;6;Uffici;OTTIMO;P;4300;6200;L;17,5;25;L;
NORD-OVEST;LOMBARDIA;MI;3015146;C1AA; ;F205;MILANO;B;B04;MI00000293;18;Uffici strutturati;OTTIMO;P;5200;6700;L;24,5;31;L;
NORD-OVEST;LOMBARDIA;MI;3015146;C1AA; ;F205;MILANO;B;B04;MI00000293;10;Laboratori;NORMALE;P;1700;2100;L;10,3;12,5;L;
NORD-OVEST;LOMBARDIA;MI;3015146;C1AA; ;F205;MILANO;B;B05;MI00000294;20;Abitazioni civili;SCADENTE; ;3500;4300;L;12;15;L;
NORD-OVEST;LOMBARDIA;MI;3015146;C1AA; ;F205;MILANO;B;B05;MI00000294;20;Abitazioni civili;OTTIMO; ;5500;7000;L;18;24;L;
NORD-OVEST;LOMBARDIA;MI;3015146;C1AA; ;F205;MILANO;B;B05;MI00000294;20;Abitazioni civili;NORMALE;P;4300;5100;L;15;18;L;
NORD-OVEST;LOMBARDIA;MI;3015146;C1AA; ;F205;MILANO;B;B05;MI00000294;21;Abitazioni di tipo economico;OTTIMO; ;4500;5500;L;14;20;L;
NORD-OVEST;LOMBARDIA;MI;3015146;C1AA; ;F205;MILANO;B;B05;MI00000294;21;Abitazioni di tipo economico;NORMALE;P;3500;4500;L;12;16;L;
NORD-OVEST;LOMBARDIA;MI;3015146;C1AA; ;F205;MILANO;B;B05;MI00000294;21;Abitazioni di tipo economico;SCADENTE; ;3000;3500;L;11;15;L;
NORD-OVEST;LOMBARDIA;MI;3015146;C1AA; ;F205;MILANO;B;B05;MI00000294;13;Box;NORMALE;P;3000;4000;L;13;18;L;
NORD-OVEST;LOMBARDIA;MI;3015146;C1AA; ;F205;MILANO;B;B05;MI00000294;9;Magazzini;NORMALE;P;1000;1200;L;6;7;L;
NORD-OVEST;LOMBARDIA;MI;3015146;C1AA; ;F205;MILANO;B;B05;MI00000294;5;Negozi;NORMALE;P;2900;5200;L;17;24;L;
NORD-OVEST;LOMBARDIA;MI;3015146;C1AA; ;F205;MILANO;B;B05;MI00000294;6;Uffici;OTTIMO;P;3700;5200;L;16;21,5;L;
NORD-OVEST;LOMBARDIA;MI;3015146;C1AA; ;F205;MILANO;B;B05;MI00000294;18;Uffici strutturati;OTTIMO;P;4100;5800;L;21,5;28;L;
NORD-OVEST;LOMBARDIA;MI;3015146;C1AA; ;F205;MILANO;B;B05;MI00000294;10;Laboratori;NORMALE;P;1400;1750;L;8,6;10,8;L;
NORD-OVEST;LOMBARDIA;MI;3015146;C1AA; ;F205;MILANO;B;B06;MI00000295;20;Abitazioni civili;SCADENTE; ;2700;3500;L;10;13;L;
NORD-OVEST;LOMBARDIA;MI;3015146;C1AA; ;F205;MILANO;B;B06;MI00000295;20;Abitazioni civili;OTTIMO; ;4500;7100;L;18;25;L;
NORD-OVEST;LOMBARDIA;MI;3015146;C1AA; ;F205;MILANO;B;B06;MI00000295;20;Abitazioni civili;NORMALE;P;3600;4500;L;11;16;L;
NORD-OVEST;LOMBARDIA;MI;3015146;C1AA; ;F205;MILANO;B;B06;MI00000295;21;Abitazioni di tipo economico;OTTIMO; ;3400;4500;L;13,5;18,5;L;
NORD-OVEST;LOMBARDIA;MI;3015146;C1AA; ;F205;MILANO;B;B06;MI00000295;21;Abitazioni di tipo economico;NORMALE;P;3000;3400;L;12;14,5;L;
NORD-OVEST;LOMBARDIA;MI;3015146;C1AA; ;F205;MILANO;B;B06;MI00000295;21;Abitazioni di tipo economico;SCADENTE; ;2400;3000;L;10;13;L;
NORD-OVEST;LOMBARDIA;MI;3015146;C1AA; ;F205;MILANO;B;B06;MI00000295;13;Box;NORMALE;P;2400;3400;L;10,5;15;L;
NORD-OVEST;LOMBARDIA;MI;3015146;C1AA; ;F205;MILANO;B;B06;MI00000295;9;Magazzini;NORMALE;P;800;1000;L;4,4;5,6;L;
NORD-OVEST;LOMBARDIA;MI;3015146;C1AA; ;F205;MILANO;B;B06;MI00000295;5;Negozi;NORMALE;P;2700;3900;L;12,5;18,3;L;
NORD-OVEST;LOMBARDIA;MI;3015146;C1AA; ;F205;MILANO;B;B06;MI00000295;6;Uffici;OTTIMO;P;3100;4200;L;13;18;L;
NORD-OVEST;LOMBARDIA;MI;3015146;C1AA; ;F205;MILANO;B;B06;MI00000295;18;Uffici strutturati;OTTIMO;P;3300;4600;L;16;22,5;L;
NORD-OVEST;LOMBARDIA;MI;3015146;C1AA; ;F205;MILANO;B;B06;MI00000295;10;Laboratori;NORMALE;P;1000;1500;L;7;9;L;
NORD-OVEST;LOMBARDIA;MI;3015146;C1AA; ;F205;MILANO;B;B11;MI00003227;20;Abitazioni civili;NORMALE;P;7900;9900;L;28,5;35,5;L;
NORD-OVEST;LOMBARDIA;MI;3015146;C1AA; ;F205;MILANO;B;B11;MI00003227;20;Abitazioni civili;SCADENTE; ;6000;7900;L;22;28;L;
NORD-OVEST;LOMBARDIA;MI;3015146;C1AA; ;F205;MILANO;B;B11;MI00003227;20;Abitazioni civili;OTTIMO; ;10000;14000;L;35,5;50;L;
NORD-OVEST;LOMBARDIA;MI;3015146;C1AA; ;F205;MILANO;B;B11;MI00003227;21;Abitazioni di tipo economico;OTTIMO; ;8000;10000;L;27;36;L;
NORD-OVEST;LOMBARDIA;MI;3015146;C1AA; ;F205;MILANO;B;B11;MI00003227;21;Abitazioni di tipo economico;NORMALE;P;6900;7900;L;22;27;L;
NORD-OVEST;LOMBARDIA;MI;3015146;C1AA; ;F205;MILANO;B;B11;MI00003227;21;Abitazioni di tipo economico;SCADENTE; ;6000;6900;L;21;25;L;
NORD-OVEST;LOMBARDIA;MI;3015146;C1AA; ;F205;MILANO;B;B11;MI00003227;13;Box;NORMALE;P;4300;6200;L;14;21;L;
NORD-OVEST;LOMBARDIA;MI;3015146;C1AA; ;F205;MILANO;B;B11;MI00003227;9;Magazzini;NORMALE;P;2500;3600;L;14;20;L;
NORD-OVEST;LOMBARDIA;MI;3015146;C1AA; ;F205;MILANO;B;B11;MI00003227;5;Negozi;NORMALE;P;7900;11900;L;40;60;L;
NORD-OVEST;LOMBARDIA;MI;3015146;C1AA; ;F205;MILANO;B;B11;MI00003227;5;Negozi;OTTIMO; ;12000;22000;L;60;120;L;
NORD-OVEST;LOMBARDIA;MI;3015146;C1AA; ;F205;MILANO;B;B11;MI00003227;6;Uffici;OTTIMO;P;6100;8100;L;25,5;35,5;L;
NORD-OVEST;LOMBARDIA;MI;3015146;C1AA; ;F205;MILANO;B;B11;MI00003227;18;Uffici strutturati;OTTIMO;P;6500;9000;L;30;40;L;
NORD-OVEST;LOMBARDIA;MI;3015146;C1AA; ;F205;MILANO;B;B11;MI00003227;10;Laboratori;NORMALE;P;2600;3500;L;15;21;L;
NORD-OVEST;LOMBARDIA;MI;3015146;C1AA; ;F205;MILANO;B;B12;MI00003228;20;Abitazioni civili;SCADENTE; ;5000;6000;L;17;18;L;
NORD-OVEST;LOMBARDIA;MI;3015146;C1AA; ;F205;MILANO;B;B12;MI00003228;20;Abitazioni civili;OTTIMO; ;7600;9500;L;24;30;L;
NORD-OVEST;LOMBARDIA;MI;3015146;C1AA; ;F205;MILANO;B;B12;MI00003228;20;Abitazioni civili;NORMALE;P;6100;7600;L;20;24;L;
NORD-OVEST;LOMBARDIA;MI;3015146;C1AA; ;F205;MILANO;B;B12;MI00003228;21;Abitazioni di tipo economico;SCADENTE; ;4500;5500;L;13;16;L;
NORD-OVEST;LOMBARDIA;MI;3015146;C1AA; ;F205;MILANO;B;B12;MI00003228;21;Abitazioni di tipo economico;OTTIMO; ;6500;8500;L;20;25;L;
NORD-OVEST;LOMBARDIA;MI;3015146;C1AA; ;F205;MILANO;B;B12;MI00003228;21;Abitazioni di tipo economico;NORMALE;P;5500;6500;L;18;20;L;
NORD-OVEST;LOMBARDIA;MI;3015146;C1AA; ;F205;MILANO;B;B12;MI00003228;13;Box;NORMALE;P;4100;5600;L;13,6;18,6;L;
NORD-OVEST;LOMBARDIA;MI;3015146;C1AA; ;F205;MILANO;B;B12;MI00003228;9;Magazzini;NORMALE;P;1900;2400;L;12;15;L;
NORD-OVEST;LOMBARDIA;MI;3015146;C1AA; ;F205;MILANO;B;B12;MI00003228;5;Negozi;OTTIMO; ;13000;16900;L;70;95;L;
NORD-OVEST;LOMBARDIA;MI;3015146;C1AA; ;F205;MILANO;B;B12;MI00003228;5;Negozi;NORMALE;P;4000;6000;L;22;32;L;
NORD-OVEST;LOMBARDIA;MI;3015146;C1AA; ;F205;MILANO;B;B12;MI00003228;6;Uffici;OTTIMO;P;4800;6600;L;21;28;L;
NORD-OVEST;LOMBARDIA;MI;3015146;C1AA; ;F205;MILANO;B;B12;MI00003228;18;Uffici strutturati;OTTIMO;P;5000;7000;L;23;32;L;
NORD-OVEST;LOMBARDIA;MI;3015146;C1AA; ;F205;MILANO;B;B12;MI00003228;10;Laboratori;NORMALE;P;2400;2700;L;13;16;L;
NORD-OVEST;LOMBARDIA;MI;3015146;C1AA; ;F205;MILANO;B;B13;MI00003232;20;Abitazioni civili;SCADENTE; ;4400;5000;L;15;17;L;
NORD-OVEST;LOMBARDIA;MI;3015146;C1AA; ;F205;MILANO;B;B13;MI00003232;20;Abitazioni civili;OTTIMO; ;6100;7800;L;21;26;L;
NORD-OVEST;LOMBARDIA;MI;3015146;C1AA; ;F205;MILANO;B;B13;MI00003232;20;Abitazioni civili;NORMALE;P;5100;6100;L;17;21;L;
NORD-OVEST;LOMBARDIA;MI;3015146;C1AA; ;F205;MILANO;B;B13;MI00003232;21;Abitazioni di tipo economico;OTTIMO; ;5000;6500;L;16;22;L;
NORD-OVEST;LOMBARDIA;MI;3015146;C1AA; ;F205;MILANO;B;B13;MI00003232;21;Abitazioni di tipo economico;NORMALE;P;4300;5000;L;14;16;L;
NORD-OVEST;LOMBARDIA;MI;3015146;C1AA; ;F205;MILANO;B;B13;MI00003232;21;Abitazioni di tipo economico;SCADENTE; ;3600;4300;L;12;14;L;
NORD-OVEST;LOMBARDIA;MI;3015146;C1AA; ;F205;MILANO;B;B13;MI00003232;13;Box;NORMALE;P;3400;4800;L;12;16;L;
NORD-OVEST;LOMBARDIA;MI;3015146;C1AA; ;F205;MILANO;B;B13;MI00003232;9;Magazzini;NORMALE;P;1800;2300;L;10;13;L;
NORD-OVEST;LOMBARDIA;MI;3015146;C1AA; ;F205;MILANO;B;B13;MI00003232;5;Negozi;NORMALE;P;3800;5500;L;18;27;L;
NORD-OVEST;LOMBARDIA;MI;3015146;C1AA; ;F205;MILANO;B;B13;MI00003232;6;Uffici;OTTIMO;P;4200;5300;L;18;24;L;
NORD-OVEST;LOMBARDIA;MI;3015146;C1AA; ;F205;MILANO;B;B13;MI00003232;18;Uffici strutturati;OTTIMO;P;4500;6000;L;20;28;L;
NORD-OVEST;LOMBARDIA;MI;3015146;C1AA; ;F205;MILANO;B;B13;MI00003232;10;Laboratori;NORMALE;P;2200;2700;L;12;15;L;
NORD-OVEST;LOMBARDIA;MI;3015146;C1AA; ;F205;MILANO;B;B14;MI00003237;20;Abitazioni civili;SCADENTE; ;4900;5800;L;16;19;L;
NORD-OVEST;LOMBARDIA;MI;3015146;C1AA; ;F205;MILANO;B;B14;MI00003237;20;Abitazioni civili;OTTIMO;P;6500;8000;L;21;26;L;
NORD-OVEST;LOMBARDIA;MI;3015146;C1AA; ;F205;MILANO;B;B14;MI00003237;20;Abitazioni civili;NORMALE; ;5800;6500;L;17,5;21;L;
NORD-OVEST;LOMBARDIA;MI;3015146;C1AA; ;F205;MILANO;B;B14;MI00003237;21;Abitazioni di tipo economico;SCADENTE; ;4300;4600;L;14;15;L;
NORD-OVEST;LOMBARDIA;MI;3015146;C1AA; ;F205;MILANO;B;B14;MI00003237;21;Abitazioni di tipo economico;OTTIMO; ;5400;6200;L;17;20;L;
NORD-OVEST;LOMBARDIA;MI;3015146;C1AA; ;F205;MILANO;B;B14;MI00003237;21;Abitazioni di tipo economico;NORMALE;P;4600;5300;L;15;17;L;
NORD-OVEST;LOMBARDIA;MI;3015146;C1AA; ;F205;MILANO;B;B14;MI00003237;13;Box;NORMALE;P;3800;5100;L;12;16;L;
NORD-OVEST;LOMBARDIA;MI;3015146;C1AA; ;F205;MILANO;B;B14;MI00003237;9;Magazzini;NORMALE;P;1750;2350;L;10;13;L;
NORD-OVEST;LOMBARDIA;MI;3015146;C1AA; ;F205;MILANO;B;B14;MI00003237;5;Negozi;OTTIMO; ;13000;17000;L;65;90;L;
NORD-OVEST;LOMBARDIA;MI;3015146;C1AA; ;F205;MILANO;B;B14;MI00003237;5;Negozi;NORMALE;P;3800;5700;L;20;30;L;
NORD-OVEST;LOMBARDIA;MI;3015146;C1AA; ;F205;MILANO;B;B14;MI00003237;6;Uffici;OTTIMO;P;4000;6100;L;18,5;25,5;L;
NORD-OVEST;LOMBARDIA;MI;3015146;C1AA; ;F205;MILANO;B;B14;MI00003237;18;Uffici strutturati;OTTIMO;P;4500;6500;L;20;32;L;
NORD-OVEST;LOMBARDIA;MI;3015146;C1AA; ;F205;MILANO;B;B14;MI00003237;10;Laboratori;NORMALE;P;2400;2800;L;14;17;L;
NORD-OVEST;LOMBARDIA;MI;3015146;C1AA; ;F205;MILANO;C;C01;MI00000296;20;Abitazioni civili;SCADENTE; ;1800;2000;L;5,5;7,5;L;
NORD-OVEST;LOMBARDIA;MI;3015146;C1AA; ;F205;MILANO;C;C01;MI00000296;20;Abitazioni civili;OTTIMO; ;3000;4000;L;9;15;L;
NORD-OVEST;LOMBARDIA;MI;3015146;C1AA; ;F205;MILANO;C;C01;MI00000296;20;Abitazioni civili;NORMALE;P;2000;3000;L;6,5;8,5;L;
NORD-OVEST;LOMBARDIA;MI;3015146;C1AA; ;F205;MILANO;C;C01;MI00000296;21;Abitazioni di tipo economico;OTTIMO; ;2300;3000;L;7,5;10;L;
NORD-OVEST;LOMBARDIA;MI;3015146;C1AA; ;F205;MILANO;C;C01;MI00000296;21;Abitazioni di tipo economico;NORMALE;P;1700;2300;L;5,5;7,5;L;
NORD-OVEST;LOMBARDIA;MI;3015146;C1AA; ;F205;MILANO;C;C01;MI00000296;21;Abitazioni di tipo economico;SCADENTE; ;1500;1700;L;5;6,5;L;
NORD-OVEST;LOMBARDIA;MI;3015146;C1AA; ;F205;MILANO;C;C01;MI00000296;13;Box;NORMALE;P;1800;2600;L;6,5;9,5;L;
NORD-OVEST;LOMBARDIA;MI;3015146;C1AA; ;F205;MILANO;C;C01;MI00000296;9;Magazzini;NORMALE;P;600;850;L;3,5;5;L;
NORD-OVEST;LOMBARDIA;MI;3015146;C1AA; ;F205;MILANO;C;C01;MI00000296;5;Negozi;NORMALE;P;2200;3200;L;9,9;14,1;L;
NORD-OVEST;LOMBARDIA;MI;3015146;C1AA; ;F205;MILANO;C;C01;MI00000296;6;Uffici;OTTIMO;P;2100;2600;L;8;10;L;
NORD-OVEST;LOMBARDIA;MI;3015146;C1AA; ;F205;MILANO;C;C01;MI00000296;18;Uffici strutturati;OTTIMO;P;2250;3300;L;11,5;16,3;L;
NORD-OVEST;LOMBARDIA;MI;3015146;C1AA; ;F205;MILANO;C;C01;MI00000296;8;Capannoni industriali;NORMALE;P;750;950;L;4,5;5,5;L;
NORD-OVEST;LOMBARDIA;MI;3015146;C1AA; ;F205;MILANO;C;C01;MI00000296;7;Capannoni tipici;NORMALE;P;800;1000;L;4,7;5,8;L;
NORD-OVEST;LOMBARDIA;MI;3015146;C1AA; ;F205;MILANO;C;C01;MI00000296;10;Laboratori;NORMALE;P;900;1200;L;5,2;7;L;
NORD-OVEST;LOMBARDIA;MI;3015146;C1AA; ;F205;MILANO;C;C02;MI00000297;20;Abitazioni civili;SCADENTE; ;2700;3200;L;8;10;L;
NORD-OVEST;LOMBARDIA;MI;3015146;C1AA; ;F205;MILANO;C;C02;MI00000297;20;Abitazioni civili;OTTIMO; ;4200;5800;L;12;16;L;
NORD-OVEST;LOMBARDIA;MI;3015146;C1AA; ;F205;MILANO;C;C02;MI00000297;20;Abitazioni civili;NORMALE;P;3200;4100;L;9,5;11,5;L;
NORD-OVEST;LOMBARDIA;MI;3015146;C1AA; ;F205;MILANO;C;C02;MI00000297;21;Abitazioni di tipo economico;OTTIMO; ;3400;4400;L;9;12,5;L;
NORD-OVEST;LOMBARDIA;MI;3015146;C1AA; ;F205;MILANO;C;C02;MI00000297;21;Abitazioni di tipo economico;NORMALE;P;2500;3400;L;7,5;10;L;
NORD-OVEST;LOMBARDIA;MI;3015146;C1AA; ;F205;MILANO;C;C02;MI00000297;21;Abitazioni di tipo economico;SCADENTE; ;2100;2500;L;6;7,5;L;
NORD-OVEST;LOMBARDIA;MI;3015146;C1AA; ;F205;MILANO;C;C02;MI00000297;13;Box;NORMALE;P;2000;2900;L;7,5;11;L;
NORD-OVEST;LOMBARDIA;MI;3015146;C1AA; ;F205;MILANO;C;C02;MI00000297;9;Magazzini;NORMALE;P;700;900;L;4,2;6,2;L;
NORD-OVEST;LOMBARDIA;MI;3015146;C1AA; ;F205;MILANO;C;C02;MI00000297;5;Negozi;NORMALE;P;2450;3400;L;13;17,5;L;
NORD-OVEST;LOMBARDIA;MI;3015146;C1AA; ;F205;MILANO;C;C02;MI00000297;6;Uffici;OTTIMO;P;2500;3400;L;10;12,5;L;
NORD-OVEST;LOMBARDIA;MI;3015146;C1AA; ;F205;MILANO;C;C02;MI00000297;18;Uffici strutturati;OTTIMO;P;2800;3700;L;13,8;19,3;L;
NORD-OVEST;LOMBARDIA;MI;3015146;C1AA; ;F205;MILANO;C;C02;MI00000297;8;Capannoni industriali;NORMALE;P;800;1100;L;4,7;6,5;L;
NORD-OVEST;LOMBARDIA;MI;3015146;C1AA; ;F205;MILANO;C;C02;MI00000297;7;Capannoni tipici;NORMALE;P;800;1150;L;4,7;6,7;L;
NORD-OVEST;LOMBARDIA;MI;3015146;C1AA; ;F205;MILANO;C;C02;MI00000297;10;Laboratori;NORMALE;P;1000;1400;L;5,8;8;L;
NORD-OVEST;LOMBARDIA;MI;3015146;C1AA; ;F205;MILANO;C;C03;MI00000298;20;Abitazioni civili;SCADENTE; ;2700;3300;L;9;11;L;
NORD-OVEST;LOMBARDIA;MI;3015146;C1AA; ;F205;MILANO;C;C03;MI00000298;20;Abitazioni civili;OTTIMO; ;4500;6300;L;14;19;L;
NORD-OVEST;LOMBARDIA;MI;3015146;C1AA; ;F205;MILANO;C;C03;MI00000298;20;Abitazioni civili;NORMALE;P;3500;4100;L;10;13;L;
NORD-OVEST;LOMBARDIA;MI;3015146;C1AA; ;F205;MILANO;C;C03;MI00000298;21;Abitazioni di tipo economico;OTTIMO; ;3700;4700;L;9,5;12;L;
NORD-OVEST;LOMBARDIA;MI;3015146;C1AA; ;F205;MILANO;C;C03;MI00000298;21;Abitazioni di tipo economico;NORMALE;P;2900;3500;L;6,5;9;L;
NORD-OVEST;LOMBARDIA;MI;3015146;C1AA; ;F205;MILANO;C;C03;MI00000298;21;Abitazioni di tipo economico;SCADENTE; ;2100;2600;L;5,5;7,5;L;
NORD-OVEST;LOMBARDIA;MI;3015146;C1AA; ;F205;MILANO;C;C03;MI00000298;13;Box;NORMALE;P;1900;2800;L;7;10,5;L;
NORD-OVEST;LOMBARDIA;MI;3015146;C1AA; ;F205;MILANO;C;C03;MI00000298;1;Ville e Villini;SCADENTE; ;2400;2700;L;7,5;10;L;
NORD-OVEST;LOMBARDIA;MI;3015146;C1AA; ;F205;MILANO;C;C03;MI00000298;1;Ville e Villini;OTTIMO; ;4000;5500;L;12,5;17;L;
NORD-OVEST;LOMBARDIA;MI;3015146;C1AA; ;F205;MILANO;C;C03;MI00000298;1;Ville e Villini;NORMALE;P;3300;3800;L;8,5;12;L;
NORD-OVEST;LOMBARDIA;MI;3015146;C1AA; ;F205;MILANO;C;C03;MI00000298;9;Magazzini;NORMALE;P;600;800;L;3,5;4,7;L;
NORD-OVEST;LOMBARDIA;MI;3015146;C1AA; ;F205;MILANO;C;C03;MI00000298;5;Negozi;NORMALE;P;2350;3500;L;10,2;14,7;L;
NORD-OVEST;LOMBARDIA;MI;3015146;C1AA; ;F205;MILANO;C;C03;MI00000298;6;Uffici;OTTIMO;P;2800;3700;L;10,2;13,4;L;
NORD-OVEST;LOMBARDIA;MI;3015146;C1AA; ;F205;MILANO;C;C03;MI00000298;18;Uffici strutturati;OTTIMO;P;3000;4100;L;15,4;20,4;L;
NORD-OVEST;LOMBARDIA;MI;3015146;C1AA; ;F205;MILANO;C;C03;MI00000298;10;Laboratori;NORMALE;P;900;1300;L;5,5;8;L;
NORD-OVEST;LOMBARDIA;MI;3015146;C1AA; ;F205;MILANO;C;C04;MI00000299;20;Abitazioni civili;SCADENTE; ;3200;4000;L;10,5;13,5;L;
NORD-OVEST;LOMBARDIA;MI;3015146;C1AA; ;F205;MILANO;C;C04;MI00000299;20;Abitazioni civili;OTTIMO; ;4800;6100;L;15;19;L;
NORD-OVEST;LOMBARDIA;MI;3015146;C1AA; ;F205;MILANO;C;C04;MI00000299;20;Abitazioni civili;NORMALE;P;4200;4700;L;13,5;15,5;L;
NORD-OVEST;LOMBARDIA;MI;3015146;C1AA; ;F205;MILANO;C;C04;MI00000299;21;Abitazioni di tipo economico;OTTIMO; ;4200;5000;L;11;14;L;
NORD-OVEST;LOMBARDIA;MI;3015146;C1AA; ;F205;MILANO;C;C04;MI00000299;21;Abitazioni di tipo economico;NORMALE;P;3500;4000;L;9,5;12;L;
NORD-OVEST;LOMBARDIA;MI;3015146;C1AA; ;F205;MILANO;C;C04;MI00000299;21;Abitazioni di tipo economico;SCADENTE; ;2600;3500;L;7,5;10;L;
NORD-OVEST;LOMBARDIA;MI;3015146;C1AA; ;F205;MILANO;C;C04;MI00000299;13;Box;NORMALE;P;2400;3500;L;8;12;L;
NORD-OVEST;LOMBARDIA;MI;3015146;C1AA; ;F205;MILANO;C;C04;MI00000299;1;Ville e Villini;SCADENTE; ;3200;4000;L;9,5;12;L;
NORD-OVEST;LOMBARDIA;MI;3015146;C1AA; ;F205;MILANO;C;C04;MI00000299;1;Ville e Villini;OTTIMO; ;4600;5900;L;14;17,5;L;
NORD-OVEST;LOMBARDIA;MI;3015146;C1AA; ;F205;MILANO;C;C04;MI00000299;1;Ville e Villini;NORMALE;P;4200;4700;L;12;14;L;
NORD-OVEST;LOMBARDIA;MI;3015146;C1AA; ;F205;MILANO;C;C04;MI00000299;9;Magazzini;NORMALE;P;700;1000;L;4;6;L;
NORD-OVEST;LOMBARDIA;MI;3015146;C1AA; ;F205;MILANO;C;C04;MI00000299;5;Negozi;NORMALE;P;2800;4000;L;13,5;19,5;L;
NORD-OVEST;LOMBARDIA;MI;3015146;C1AA; ;F205;MILANO;C;C04;MI00000299;6;Uffici;OTTIMO;P;3200;4400;L;11,5;15;L;
NORD-OVEST;LOMBARDIA;MI;3015146;C1AA; ;F205;MILANO;C;C04;MI00000299;18;Uffici strutturati;OTTIMO;P;3400;4500;L;16,9;22,5;L;
NORD-OVEST;LOMBARDIA;MI;3015146;C1AA; ;F205;MILANO;C;C04;MI00000299;10;Laboratori;NORMALE;P;1250;1650;L;7,2;9,7;L;
NORD-OVEST;LOMBARDIA;MI;3015146;C1AA; ;F205;MILANO;C;C05;MI00000300;20;Abitazioni civili;NORMALE;P;3300;3900;L;9;10,5;L;
NORD-OVEST;LOMBARDIA;MI;3015146;C1AA; ;F205;MILANO;C;C05;MI00000300;20;Abitazioni civili;SCADENTE; ;2600;3200;L;6,5;8,5;L;
NORD-OVEST;LOMBARDIA;MI;3015146;C1AA; ;F205;MILANO;C;C05;MI00000300;20;Abitazioni civili;OTTIMO; ;3900;5100;L;10,5;13;L;
NORD-OVEST;LOMBARDIA;MI;3015146;C1AA; ;F205;MILANO;C;C05;MI00000300;21;Abitazioni di tipo economico;SCADENTE; ;2000;2400;L;6;7;L;
NORD-OVEST;LOMBARDIA;MI;3015146;C1AA; ;F205;MILANO;C;C05;MI00000300;21;Abitazioni di tipo economico;OTTIMO; ;3200;4000;L;9;11,5;L;
NORD-OVEST;LOMBARDIA;MI;3015146;C1AA; ;F205;MILANO;C;C05;MI00000300;21;Abitazioni di tipo economico;NORMALE;P;2400;2900;L;7;8,5;L;
NORD-OVEST;LOMBARDIA;MI;3015146;C1AA; ;F205;MILANO;C;C05;MI00000300;13;Box;NORMALE;P;2100;2900;L;7,5;11;L;
NORD-OVEST;LOMBARDIA;MI;3015146;C1AA; ;F205;MILANO;C;C05;MI00000300;1;Ville e Villini;SCADENTE; ;2600;3200;L;8;10;L;
NORD-OVEST;LOMBARDIA;MI;3015146;C1AA; ;F205;MILANO;C;C05;MI00000300;1;Ville e Villini;NORMALE;P;3300;3900;L;10;13;L;
NORD-OVEST;LOMBARDIA;MI;3015146;C1AA; ;F205;MILANO;C;C05;MI00000300;1;Ville e Villini;OTTIMO; ;3900;5100;L;12,5;16;L;
NORD-OVEST;LOMBARDIA;MI;3015146;C1AA; ;F205;MILANO;C;C05;MI00000300;9;Magazzini;NORMALE;P;500;750;L;3;4,6;L;
NORD-OVEST;LOMBARDIA;MI;3015146;C1AA; ;F205;MILANO;C;C05;MI00000300;5;Negozi;NORMALE;P;2650;3700;L;10,2;15,2;L;
NORD-OVEST;LOMBARDIA;MI;3015146;C1AA; ;F205;MILANO;C;C05;MI00000300;6;Uffici;OTTIMO;P;2700;3900;L;9,5;13;L;
NORD-OVEST;LOMBARDIA;MI;3015146;C1AA; ;F205;MILANO;C;C05;MI00000300;18;Uffici strutturati;OTTIMO;P;2650;4000;L;13,3;19,8;L;
NORD-OVEST;LOMBARDIA;MI;3015146;C1AA; ;F205;MILANO;C;C05;MI00000300;8;Capannoni industriali;NORMALE;P;750;1050;L;4,5;6,2;L;
NORD-OVEST;LOMBARDIA;MI;3015146;C1AA; ;F205;MILANO;C;C05;MI00000300;7;Capannoni tipici;NORMALE;P;800;1100;L;4,8;6,5;L;
NORD-OVEST;LOMBARDIA;MI;3015146;C1AA; ;F205;MILANO;C;C05;MI00000300;10;Laboratori;NORMALE;P;1100;1500;L;6,8;9,3;L;
NORD-OVEST;LOMBARDIA;MI;3015146;C1AA; ;F205;MILANO;C;C06;MI00000301;20;Abitazioni civili;SCADENTE; ;2000;2500;L;6;8;L;
NORD-OVEST;LOMBARDIA;MI;3015146;C1AA; ;F205;MILANO;C;C06;MI00000301;20;Abitazioni civili;OTTIMO; ;3900;5400;L;11;15;L;
NORD-OVEST;LOMBARDIA;MI;3015146;C1AA; ;F205;MILANO;C;C06;MI00000301;20;Abitazioni civili;NORMALE;P;2650;3500;L;7,5;10;L;
NORD-OVEST;LOMBARDIA;MI;3015146;C1AA; ;F205;MILANO;C;C06;MI00000301;21;Abitazioni di tipo economico;OTTIMO; ;3100;3700;L;9;10,7;L;
NORD-OVEST;LOMBARDIA;MI;3015146;C1AA; ;F205;MILANO;C;C06;MI00000301;21;Abitazioni di tipo economico;NORMALE;P;2300;3300;L;7;8,5;L;
NORD-OVEST;LOMBARDIA;MI;3015146;C1AA; ;F205;MILANO;C;C06;MI00000301;21;Abitazioni di tipo economico;SCADENTE; ;1900;2500;L;5,5;6,5;L;
NORD-OVEST;LOMBARDIA;MI;3015146;C1AA; ;F205;MILANO;C;C06;MI00000301;13;Box;NORMALE;P;2000;3000;L;8;12;L;
NORD-OVEST;LOMBARDIA;MI;3015146;C1AA; ;F205;MILANO;C;C06;MI00000301;9;Magazzini;NORMALE;P;550;750;L;3,4;4,6;L;
NORD-OVEST;LOMBARDIA;MI;3015146;C1AA; ;F205;MILANO;C;C06;MI00000301;5;Negozi;NORMALE;P;1850;2800;L;8,5;13;L;
NORD-OVEST;LOMBARDIA;MI;3015146;C1AA; ;F205;MILANO;C;C06;MI00000301;6;Uffici;OTTIMO;P;2100;2700;L;7,5;9,4;L;
NORD-OVEST;LOMBARDIA;MI;3015146;C1AA; ;F205;MILANO;C;C06;MI00000301;18;Uffici strutturati;OTTIMO;P;2350;3200;L;12,2;17,2;L;
NORD-OVEST;LOMBARDIA;MI;3015146;C1AA; ;F205;MILANO;C;C06;MI00000301;8;Capannoni industriali;NORMALE;P;800;1150;L;4,8;6,8;L;
NORD-OVEST;LOMBARDIA;MI;3015146;C1AA; ;F205;MILANO;C;C06;MI00000301;7;Capannoni tipici;NORMALE;P;850;1200;L;5;7;L;
NORD-OVEST;LOMBARDIA;MI;3015146;C1AA; ;F205;MILANO;C;C06;MI00000301;10;Laboratori;NORMALE;P;1050;1450;L;6,2;8,6;L;
NORD-OVEST;LOMBARDIA;MI;3015146;C1AA; ;F205;MILANO;C;C07;MI00000302;20;Abitazioni civili;SCADENTE; ;1900;2400;L;5,5;7;L;
NORD-OVEST;LOMBARDIA;MI;3015146;C1AA; ;F205;MILANO;C;C07;MI00000302;20;Abitazioni civili;OTTIMO; ;3900;5100;L;11;14,5;L;
NORD-OVEST;LOMBARDIA;MI;3015146;C1AA; ;F205;MILANO;C;C07;MI00000302;20;Abitazioni civili;NORMALE;P;2600;3900;L;7;10,5;L;
NORD-OVEST;LOMBARDIA;MI;3015146;C1AA; ;F205;MILANO;C;C07;MI00000302;21;Abitazioni di tipo economico;OTTIMO; ;3200;4000;L;8;11,5;L;
NORD-OVEST;LOMBARDIA;MI;3015146;C1AA; ;F205;MILANO;C;C07;MI00000302;21;Abitazioni di tipo economico;NORMALE;P;2300;2800;L;6;9;L;
NORD-OVEST;LOMBARDIA;MI;3015146;C1AA; ;F205;MILANO;C;C07;MI00000302;21;Abitazioni di tipo economico;SCADENTE; ;1600;2100;L;5;7;L;
NORD-OVEST;LOMBARDIA;MI;3015146;C1AA; ;F205;MILANO;C;C07;MI00000302;13;Box;NORMALE;P;1950;2700;L;7;10;L;
NORD-OVEST;LOMBARDIA;MI;3015146;C1AA; ;F205;MILANO;C;C07;MI00000302;9;Magazzini;NORMALE;P;700;900;L;4;5,2;L;
NORD-OVEST;LOMBARDIA;MI;3015146;C1AA; ;F205;MILANO;C;C07;MI00000302;5;Negozi;NORMALE;P;2300;3600;L;10,2;15,8;L;
NORD-OVEST;LOMBARDIA;MI;3015146;C1AA; ;F205;MILANO;C;C07;MI00000302;6;Uffici;OTTIMO;P;2500;3300;L;8,8;11,2;L;
NORD-OVEST;LOMBARDIA;MI;3015146;C1AA; ;F205;MILANO;C;C07;MI00000302;18;Uffici strutturati;OTTIMO;P;2450;3700;L;13,8;20,3;L;
NORD-OVEST;LOMBARDIA;MI;3015146;C1AA; ;F205;MILANO;C;C07;MI00000302;8;Capannoni industriali;NORMALE;P;850;1150;L;5;6,8;L;
NORD-OVEST;LOMBARDIA;MI;3015146;C1AA; ;F205;MILANO;C;C07;MI00000302;7;Capannoni tipici;NORMALE;P;850;1150;L;5,4;7,4;L;
NORD-OVEST;LOMBARDIA;MI;3015146;C1AA; ;F205;MILANO;C;C07;MI00000302;10;Laboratori;NORMALE;P;1000;1500;L;6,2;9,2;L;
NORD-OVEST;LOMBARDIA;MI;3015146;C1AA; ;F205;MILANO;C;C08;MI00000303;20;Abitazioni civili;SCADENTE; ;2150;2450;L;6;6,9;L;
NORD-OVEST;LOMBARDIA;MI;3015146;C1AA; ;F205;MILANO;C;C08;MI00000303;20;Abitazioni civili;OTTIMO; ;3400;4500;L;10;13,5;L;
NORD-OVEST;LOMBARDIA;MI;3015146;C1AA; ;F205;MILANO;C;C08;MI00000303;20;Abitazioni civili;NORMALE;P;2600;3100;L;7,3;8,9;L;
NORD-OVEST;LOMBARDIA;MI;3015146;C1AA; ;F205;MILANO;C;C08;MI00000303;21;Abitazioni di tipo economico;OTTIMO; ;2750;3300;L;7,3;8,3;L;
NORD-OVEST;LOMBARDIA;MI;3015146;C1AA; ;F205;MILANO;C;C08;MI00000303;21;Abitazioni di tipo economico;NORMALE;P;2250;2650;L;5,3;7,3;L;
NORD-OVEST;LOMBARDIA;MI;3015146;C1AA; ;F205;MILANO;C;C08;MI00000303;21;Abitazioni di tipo economico;SCADENTE; ;1600;1950;L;4;5,3;L;
NORD-OVEST;LOMBARDIA;MI;3015146;C1AA; ;F205;MILANO;C;C08;MI00000303;13;Box;NORMALE;P;1950;2750;L;7,5;11;L;
NORD-OVEST;LOMBARDIA;MI;3015146;C1AA; ;F205;MILANO;C;C08;MI00000303;9;Magazzini;NORMALE;P;600;850;L;3,6;5,2;L;
NORD-OVEST;LOMBARDIA;MI;3015146;C1AA; ;F205;MILANO;C;C08;MI00000303;5;Negozi;NORMALE;P;2000;3200;L;9,8;14,2;L;
NORD-OVEST;LOMBARDIA;MI;3015146;C1AA; ;F205;MILANO;C;C08;MI00000303;6;Uffici;OTTIMO;P;2400;3100;L;10;12;L;
NORD-OVEST;LOMBARDIA;MI;3015146;C1AA; ;F205;MILANO;C;C08;MI00000303;18;Uffici strutturati;OTTIMO;P;2500;3600;L;13,3;19,3;L;
NORD-OVEST;LOMBARDIA;MI;3015146;C1AA; ;F205;MILANO;C;C08;MI00000303;8;Capannoni industriali;NORMALE;P;900;1100;L;5,4;6,6;L;
NORD-OVEST;LOMBARDIA;MI;3015146;C1AA; ;F205;MILANO;C;C08;MI00000303;7;Capannoni tipici;NORMALE;P;900;1150;L;5,4;6,8;L;
NORD-OVEST;LOMBARDIA;MI;3015146;C1AA; ;F205;MILANO;C;C08;MI00000303;10;Laboratori;NORMALE;P;1100;1400;L;6,8;8,6;L;
NORD-OVEST;LOMBARDIA;MI;3015146;C1AA; ;F205;MILANO;C;C09;MI00000304;20;Abitazioni civili;NORMALE;P;3400;4300;L;9,5;12;L;
NORD-OVEST;LOMBARDIA;MI;3015146;C1AA; ;F205;MILANO;C;C09;MI00000304;20;Abitazioni civili;SCADENTE; ;2600;3400;L;7,5;10,5;L;
NORD-OVEST;LOMBARDIA;MI;3015146;C1AA; ;F205;MILANO;C;C09;MI00000304;20;Abitazioni civili;OTTIMO; ;4400;6000;L;13;17,5;L;
NORD-OVEST;LOMBARDIA;MI;3015146;C1AA; ;F205;MILANO;C;C09;MI00000304;21;Abitazioni di tipo economico;SCADENTE; ;2000;2400;L;6;7;L;
NORD-OVEST;LOMBARDIA;MI;3015146;C1AA; ;F205;MILANO;C;C09;MI00000304;21;Abitazioni di tipo economico;OTTIMO; ;3600;4400;L;10,5;13;L;
NORD-OVEST;LOMBARDIA;MI;3015146;C1AA; ;F205;MILANO;C;C09;MI00000304;21;Abitazioni di tipo economico;NORMALE;P;2400;3300;L;7,5;9,5;L;
NORD-OVEST;LOMBARDIA;MI;3015146;C1AA; ;F205;MILANO;C;C09;MI00000304;13;Box;NORMALE;P;2400;3500;L;8,5;12;L;
NORD-OVEST;LOMBARDIA;MI;3015146;C1AA; ;F205;MILANO;C;C09;MI00000304;1;Ville e Villini;SCADENTE; ;2600;3400;L;7,5;10;L;
NORD-OVEST;LOMBARDIA;MI;3015146;C1AA; ;F205;MILANO;C;C09;MI00000304;1;Ville e Villini;NORMALE;P;3400;4200;L;9;12,5;L;
NORD-OVEST;LOMBARDIA;MI;3015146;C1AA; ;F205;MILANO;C;C09;MI00000304;1;Ville e Villini;OTTIMO; ;4500;6000;L;13;17;L;
NORD-OVEST;LOMBARDIA;MI;3015146;C1AA; ;F205;MILANO;C;C09;MI00000304;9;Magazzini;NORMALE;P;600;800;L;3,6;4,8;L;
NORD-OVEST;LOMBARDIA;MI;3015146;C1AA; ;F205;MILANO;C;C09;MI00000304;5;Negozi;NORMALE;P;2300;3500;L;10,5;16;L;
NORD-OVEST;LOMBARDIA;MI;3015146;C1AA; ;F205;MILANO;C;C09;MI00000304;6;Uffici;OTTIMO;P;2650;3900;L;9,8;14,2;L;
NORD-OVEST;LOMBARDIA;MI;3015146;C1AA; ;F205;MILANO;C;C09;MI00000304;18;Uffici strutturati;OTTIMO;P;2750;4100;L;14,3;20,8;L;
NORD-OVEST;LOMBARDIA;MI;3015146;C1AA; ;F205;MILANO;C;C09;MI00000304;8;Capannoni industriali;NORMALE;P;850;1050;L;5;6,2;L;
NORD-OVEST;LOMBARDIA;MI;3015146;C1AA; ;F205;MILANO;C;C09;MI00000304;7;Capannoni tipici;NORMALE;P;950;1200;L;5,2;6,4;L;
NORD-OVEST;LOMBARDIA;MI;3015146;C1AA; ;F205;MILANO;C;C09;MI00000304;10;Laboratori;NORMALE;P;1100;1400;L;6,2;8,4;L;
NORD-OVEST;LOMBARDIA;MI;3015146;C1AA; ;F205;MILANO;C;C10;MI00000305;20;Abitazioni civili;SCADENTE; ;2600;3200;L;8;10,5;L;
NORD-OVEST;LOMBARDIA;MI;3015146;C1AA; ;F205;MILANO;C;C10;MI00000305;20;Abitazioni civili;OTTIMO; ;4200;5800;L;13,5;18;L;
NORD-OVEST;LOMBARDIA;MI;3015146;C1AA; ;F205;MILANO;C;C10;MI00000305;20;Abitazioni civili;NORMALE;P;3200;4100;L;10;13;L;
NORD-OVEST;LOMBARDIA;MI;3015146;C1AA; ;F205;MILANO;C;C10;MI00000305;21;Abitazioni di tipo economico;OTTIMO; ;3400;4600;L;11;14,5;L;
NORD-OVEST;LOMBARDIA;MI;3015146;C1AA; ;F205;MILANO;C;C10;MI00000305;21;Abitazioni di tipo economico;NORMALE;P;2500;3400;L;8;10,5;L;
NORD-OVEST;LOMBARDIA;MI;3015146;C1AA; ;F205;MILANO;C;C10;MI00000305;21;Abitazioni di tipo economico;SCADENTE; ;2200;2500;L;6,5;8;L;
NORD-OVEST;LOMBARDIA;MI;3015146;C1AA; ;F205;MILANO;C;C10;MI00000305;13;Box;NORMALE;P;2500;3400;L;9;12,5;L;
NORD-OVEST;LOMBARDIA;MI;3015146;C1AA; ;F205;MILANO;C;C10;MI00000305;9;Magazzini;NORMALE;P;600;800;L;3,4;4,6;L;
NORD-OVEST;LOMBARDIA;MI;3015146;C1AA; ;F205;MILANO;C;C10;MI00000305;5;Negozi;OTTIMO;P;5700;8200;L;28,2;40,2;L;
NORD-OVEST;LOMBARDIA;MI;3015146;C1AA; ;F205;MILANO;C;C10;MI00000305;5;Negozi;NORMALE; ;2400;3500;L;11,5;17;L;
NORD-OVEST;LOMBARDIA;MI;3015146;C1AA; ;F205;MILANO;C;C10;MI00000305;6;Uffici;OTTIMO;P;3000;3600;L;11,5;13;L;
NORD-OVEST;LOMBARDIA;MI;3015146;C1AA; ;F205;MILANO;C;C10;MI00000305;18;Uffici strutturati;OTTIMO;P;3200;4100;L;16,3;20,3;L;
NORD-OVEST;LOMBARDIA;MI;3015146;C1AA; ;F205;MILANO;C;C10;MI00000305;8;Capannoni industriali;NORMALE;P;900;1150;L;5;6,8;L;
NORD-OVEST;LOMBARDIA;MI;3015146;C1AA; ;F205;MILANO;C;C10;MI00000305;7;Capannoni tipici;NORMALE;P;900;1200;L;5;7;L;
NORD-OVEST;LOMBARDIA;MI;3015146;C1AA; ;F205;MILANO;C;C10;MI00000305;10;Laboratori;NORMALE;P;1000;1400;L;6,2;8,6;L;
NORD-OVEST;LOMBARDIA;MI;3015146;C1AA; ;F205;MILANO;C;C11;MI00000306;20;Abitazioni civili;SCADENTE; ;2100;3000;L;6,5;8,5;L;
NORD-OVEST;LOMBARDIA;MI;3015146;C1AA; ;F205;MILANO;C;C11;MI00000306;20;Abitazioni civili;OTTIMO; ;3800;5000;L;10,2;13,8;L;
NORD-OVEST;LOMBARDIA;MI;3015146;C1AA; ;F205;MILANO;C;C11;MI00000306;20;Abitazioni civili;NORMALE;P;3200;3700;L;8,5;9,8;L;
NORD-OVEST;LOMBARDIA;MI;3015146;C1AA; ;F205;MILANO;C;C11;MI00000306;21;Abitazioni di tipo economico;OTTIMO; ;3100;3900;L;9;11,5;L;
NORD-OVEST;LOMBARDIA;MI;3015146;C1AA; ;F205;MILANO;C;C11;MI00000306;21;Abitazioni di tipo economico;NORMALE;P;2300;3000;L;6,5;9;L;
NORD-OVEST;LOMBARDIA;MI;3015146;C1AA; ;F205;MILANO;C;C11;MI00000306;21;Abitazioni di tipo economico;SCADENTE; ;1700;2200;L;5;6,5;L;
NORD-OVEST;LOMBARDIA;MI;3015146;C1AA; ;F205;MILANO;C;C11;MI00000306;13;Box;NORMALE;P;2100;3000;L;7,5;10,5;L;
NORD-OVEST;LOMBARDIA;MI;3015146;C1AA; ;F205;MILANO;C;C11;MI00000306;9;Magazzini;NORMALE;P;600;800;L;3,6;4,8;L;
NORD-OVEST;LOMBARDIA;MI;3015146;C1AA; ;F205;MILANO;C;C11;MI00000306;5;Negozi;OTTIMO; ;5800;8300;L;28,5;41,2;L;
NORD-OVEST;LOMBARDIA;MI;3015146;C1AA; ;F205;MILANO;C;C11;MI00000306;5;Negozi;NORMALE;P;2250;3300;L;10;15;L;
NORD-OVEST;LOMBARDIA;MI;3015146;C1AA; ;F205;MILANO;C;C11;MI00000306;6;Uffici;OTTIMO;P;2600;3300;L;9,8;11,8;L;
NORD-OVEST;LOMBARDIA;MI;3015146;C1AA; ;F205;MILANO;C;C11;MI00000306;18;Uffici strutturati;OTTIMO;P;2800;3700;L;14,8;19,8;L;
NORD-OVEST;LOMBARDIA;MI;3015146;C1AA; ;F205;MILANO;C;C11;MI00000306;8;Capannoni industriali;NORMALE;P;850;1050;L;5;6,2;L;
NORD-OVEST;LOMBARDIA;MI;3015146;C1AA; ;F205;MILANO;C;C11;MI00000306;7;Capannoni tipici;NORMALE;P;850;1100;L;5;6,4;L;
NORD-OVEST;LOMBARDIA;MI;3015146;C1AA; ;F205;MILANO;C;C11;MI00000306;10;Laboratori;NORMALE;P;1100;1350;L;6,2;8;L;
NORD-OVEST;LOMBARDIA;MI;3015146;C1AA; ;F205;MILANO;C;C12;MI00000307;20;Abitazioni civili;NORMALE;P;3000;3600;L;8,5;11;L;
NORD-OVEST;LOMBARDIA;MI;3015146;C1AA; ;F205;MILANO;C;C12;MI00000307;20;Abitazioni civili;SCADENTE; ;2400;3000;L;7;9;L;
NORD-OVEST;LOMBARDIA;MI;3015146;C1AA; ;F205;MILANO;C;C12;MI00000307;20;Abitazioni civili;OTTIMO; ;4000;6200;L;11;15;L;
NORD-OVEST;LOMBARDIA;MI;3015146;C1AA; ;F205;MILANO;C;C12;MI00000307;21;Abitazioni di tipo economico;SCADENTE; ;1800;2300;L;5,5;7;L;
NORD-OVEST;LOMBARDIA;MI;3015146;C1AA; ;F205;MILANO;C;C12;MI00000307;21;Abitazioni di tipo economico;OTTIMO; ;3200;3800;L;8,5;11,5;L;
NORD-OVEST;LOMBARDIA;MI;3015146;C1AA; ;F205;MILANO;C;C12;MI00000307;21;Abitazioni di tipo economico;NORMALE;P;2400;3100;L;7,5;9,5;L;
NORD-OVEST;LOMBARDIA;MI;3015146;C1AA; ;F205;MILANO;C;C12;MI00000307;13;Box;NORMALE;P;2300;3400;L;9;13;L;
NORD-OVEST;LOMBARDIA;MI;3015146;C1AA; ;F205;MILANO;C;C12;MI00000307;1;Ville e Villini;SCADENTE; ;2400;3000;L;6,5;9;L;
NORD-OVEST;LOMBARDIA;MI;3015146;C1AA; ;F205;MILANO;C;C12;MI00000307;1;Ville e Villini;NORMALE; ;3100;3700;L;8,5;11;L;
NORD-OVEST;LOMBARDIA;MI;3015146;C1AA; ;F205;MILANO;C;C12;MI00000307;1;Ville e Villini;OTTIMO;P;4000;6200;L;10,5;14,5;L;
NORD-OVEST;LOMBARDIA;MI;3015146;C1AA; ;F205;MILANO;C;C12;MI00000307;9;Magazzini;NORMALE;P;750;1000;L;4,2;5,8;L;
NORD-OVEST;LOMBARDIA;MI;3015146;C1AA; ;F205;MILANO;C;C12;MI00000307;5;Negozi;OTTIMO;P;6100;8800;L;27;38,5;L;
NORD-OVEST;LOMBARDIA;MI;3015146;C1AA; ;F205;MILANO;C;C12;MI00000307;5;Negozi;NORMALE; ;2100;3000;L;10,5;14,5;L;
NORD-OVEST;LOMBARDIA;MI;3015146;C1AA; ;F205;MILANO;C;C12;MI00000307;6;Uffici;OTTIMO;P;2900;3700;L;10;13;L;
NORD-OVEST;LOMBARDIA;MI;3015146;C1AA; ;F205;MILANO;C;C12;MI00000307;18;Uffici strutturati;OTTIMO;P;3400;4800;L;15,5;23;L;
NORD-OVEST;LOMBARDIA;MI;3015146;C1AA; ;F205;MILANO;C;C12;MI00000307;8;Capannoni industriali;NORMALE;P;750;1050;L;4,4;6,2;L;
NORD-OVEST;LOMBARDIA;MI;3015146;C1AA; ;F205;MILANO;C;C12;MI00000307;7;Capannoni tipici;NORMALE;P;800;1100;L;5;6,8;L;
NORD-OVEST;LOMBARDIA;MI;3015146;C1AA; ;F205;MILANO;C;C12;MI00000307;10;Laboratori;NORMALE;P;1100;1500;L;6,8;9,2;L;
NORD-OVEST;LOMBARDIA;MI;3015146;C1AA; ;F205;MILANO;D;D01;MI00000308;20;Abitazioni civili;SCADENTE; ;1600;1800;L;5;6;L;
NORD-OVEST;LOMBARDIA;MI;3015146;C1AA; ;F205;MILANO;D;D01;MI00000308;20;Abitazioni civili;OTTIMO; ;2600;3200;L;8,2;10,8;L;
NORD-OVEST;LOMBARDIA;MI;3015146;C1AA; ;F205;MILANO;D;D01;MI00000308;20;Abitazioni civili;NORMALE;P;1800;2450;L;6;7,8;L;
NORD-OVEST;LOMBARDIA;MI;3015146;C1AA; ;F205;MILANO;D;D01;MI00000308;21;Abitazioni di tipo economico;OTTIMO; ;1900;2550;L;5,9;7,9;L;
NORD-OVEST;LOMBARDIA;MI;3015146;C1AA; ;F205;MILANO;D;D01;MI00000308;21;Abitazioni di tipo economico;NORMALE;P;1650;1900;L;4,5;5,9;L;
NORD-OVEST;LOMBARDIA;MI;3015146;C1AA; ;F205;MILANO;D;D01;MI00000308;21;Abitazioni di tipo economico;SCADENTE; ;1400;1650;L;4;4,8;L;
NORD-OVEST;LOMBARDIA;MI;3015146;C1AA; ;F205;MILANO;D;D01;MI00000308;13;Box;NORMALE;P;1450;2000;L;5,5;7,5;L;
NORD-OVEST;LOMBARDIA;MI;3015146;C1AA; ;F205;MILANO;D;D01;MI00000308;9;Magazzini;NORMALE;P;550;750;L;3;4,2;L;
NORD-OVEST;LOMBARDIA;MI;3015146;C1AA; ;F205;MILANO;D;D01;MI00000308;5;Negozi;NORMALE;P;1400;1850;L;5,4;7,6;L;
NORD-OVEST;LOMBARDIA;MI;3015146;C1AA; ;F205;MILANO;D;D01;MI00000308;6;Uffici;OTTIMO;P;1500;2100;L;5,3;7,3;L;
NORD-OVEST;LOMBARDIA;MI;3015146;C1AA; ;F205;MILANO;D;D01;MI00000308;18;Uffici strutturati;OTTIMO;P;2100;2850;L;11;15,3;L;
NORD-OVEST;LOMBARDIA;MI;3015146;C1AA; ;F205;MILANO;D;D01;MI00000308;8;Capannoni industriali;OTTIMO;P;800;950;L;4,5;5,5;L;
NORD-OVEST;LOMBARDIA;MI;3015146;C1AA; ;F205;MILANO;D;D01;MI00000308;7;Capannoni tipici;OTTIMO;P;850;1000;L;4,5;5,5;L;
NORD-OVEST;LOMBARDIA;MI;3015146;C1AA; ;F205;MILANO;D;D01;MI00000308;10;Laboratori;NORMALE;P;850;1100;L;5;6,5;L;
NORD-OVEST;LOMBARDIA;MI;3015146;C1AA; ;F205;MILANO;D;D02;MI00000309;20;Abitazioni civili;SCADENTE; ;1550;1800;L;5;6;L;
NORD-OVEST;LOMBARDIA;MI;3015146;C1AA; ;F205;MILANO;D;D02;MI00000309;20;Abitazioni civili;OTTIMO; ;2600;3400;L;8,5;10,5;L;
NORD-OVEST;LOMBARDIA;MI;3015146;C1AA; ;F205;MILANO;D;D02;MI00000309;20;Abitazioni civili;NORMALE;P;1850;2400;L;6;7;L;
NORD-OVEST;LOMBARDIA;MI;3015146;C1AA; ;F205;MILANO;D;D02;MI00000309;21;Abitazioni di tipo economico;OTTIMO; ;1700;2300;L;5,5;7,5;L;
NORD-OVEST;LOMBARDIA;MI;3015146;C1AA; ;F205;MILANO;D;D02;MI00000309;21;Abitazioni di tipo economico;NORMALE;P;1450;1900;L;4,5;6;L;
NORD-OVEST;LOMBARDIA;MI;3015146;C1AA; ;F205;MILANO;D;D02;MI00000309;21;Abitazioni di tipo economico;SCADENTE; ;1350;1450;L;4,5;5;L;
NORD-OVEST;LOMBARDIA;MI;3015146;C1AA; ;F205;MILANO;D;D02;MI00000309;13;Box;NORMALE;P;1250;1850;L;5;7,5;L;
NORD-OVEST;LOMBARDIA;MI;3015146;C1AA; ;F205;MILANO;D;D02;MI00000309;9;Magazzini;NORMALE;P;450;750;L;2,6;3,8;L;
NORD-OVEST;LOMBARDIA;MI;3015146;C1AA; ;F205;MILANO;D;D02;MI00000309;5;Negozi;NORMALE;P;1500;2100;L;6;9;L;
NORD-OVEST;LOMBARDIA;MI;3015146;C1AA; ;F205;MILANO;D;D02;MI00000309;6;Uffici;OTTIMO;P;1650;2100;L;5,9;6,9;L;
NORD-OVEST;LOMBARDIA;MI;3015146;C1AA; ;F205;MILANO;D;D02;MI00000309;18;Uffici strutturati;OTTIMO;P;1950;2700;L;10,7;14,7;L;
NORD-OVEST;LOMBARDIA;MI;3015146;C1AA; ;F205;MILANO;D;D02;MI00000309;8;Capannoni industriali;OTTIMO;P;800;950;L;4,5;5,5;L;
NORD-OVEST;LOMBARDIA;MI;3015146;C1AA; ;F205;MILANO;D;D02;MI00000309;7;Capannoni tipici;OTTIMO;P;850;1000;L;4,8;5,8;L;
NORD-OVEST;LOMBARDIA;MI;3015146;C1AA; ;F205;MILANO;D;D02;MI00000309;10;Laboratori;NORMALE;P;850;1150;L;4,6;6,4;L;
NORD-OVEST;LOMBARDIA;MI;3015146;C1AA; ;F205;MILANO;D;D03;MI00000310;20;Abitazioni civili;SCADENTE; ;1400;1600;L;5,5;6,5;L;
NORD-OVEST;LOMBARDIA;MI;3015146;C1AA; ;F205;MILANO;D;D03;MI00000310;20;Abitazioni civili;OTTIMO; ;2350;3200;L;9;12,5;L;
NORD-OVEST;LOMBARDIA;MI;3015146;C1AA; ;F205;MILANO;D;D03;MI00000310;20;Abitazioni civili;NORMALE;P;1700;2100;L;6,5;8;L;
NORD-OVEST;LOMBARDIA;MI;3015146;C1AA; ;F205;MILANO;D;D03;MI00000310;21;Abitazioni di tipo economico;OTTIMO; ;1700;2400;L;6,5;9,5;L;
NORD-OVEST;LOMBARDIA;MI;3015146;C1AA; ;F205;MILANO;D;D03;MI00000310;21;Abitazioni di tipo economico;NORMALE;P;1300;1500;L;5;6,5;L;
NORD-OVEST;LOMBARDIA;MI;3015146;C1AA; ;F205;MILANO;D;D03;MI00000310;21;Abitazioni di tipo economico;SCADENTE; ;1200;1300;L;4,5;5,5;L;
NORD-OVEST;LOMBARDIA;MI;3015146;C1AA; ;F205;MILANO;D;D03;MI00000310;13;Box;NORMALE;P;1200;1500;L;5,5;6,5;L;
NORD-OVEST;LOMBARDIA;MI;3015146;C1AA; ;F205;MILANO;D;D03;MI00000310;9;Magazzini;NORMALE;P;450;600;L;2,5;3,5;L;
NORD-OVEST;LOMBARDIA;MI;3015146;C1AA; ;F205;MILANO;D;D03;MI00000310;5;Negozi;NORMALE;P;1300;1800;L;3,8;5,8;L;
NORD-OVEST;LOMBARDIA;MI;3015146;C1AA; ;F205;MILANO;D;D03;MI00000310;6;Uffici;OTTIMO;P;1350;1800;L;5,3;7,3;L;
NORD-OVEST;LOMBARDIA;MI;3015146;C1AA; ;F205;MILANO;D;D03;MI00000310;18;Uffici strutturati;OTTIMO;P;1750;2200;L;9,7;12,2;L;
NORD-OVEST;LOMBARDIA;MI;3015146;C1AA; ;F205;MILANO;D;D03;MI00000310;8;Capannoni industriali;OTTIMO;P;800;950;L;4,5;5,5;L;
NORD-OVEST;LOMBARDIA;MI;3015146;C1AA; ;F205;MILANO;D;D03;MI00000310;7;Capannoni tipici;OTTIMO;P;850;1000;L;5;5,8;L;
NORD-OVEST;LOMBARDIA;MI;3015146;C1AA; ;F205;MILANO;D;D03;MI00000310;10;Laboratori;OTTIMO;P;800;1000;L;4,5;5,8;L;
NORD-OVEST;LOMBARDIA;MI;3015146;C1AA; ;F205;MILANO;D;D04;MI00000311;20;Abitazioni civili;NORMALE;P;1800;2500;L;6;7;L;
NORD-OVEST;LOMBARDIA;MI;3015146;C1AA; ;F205;MILANO;D;D04;MI00000311;20;Abitazioni civili;SCADENTE; ;1450;1750;L;4,5;5,5;L;
NORD-OVEST;LOMBARDIA;MI;3015146;C1AA; ;F205;MILANO;D;D04;MI00000311;20;Abitazioni civili;OTTIMO; ;2550;3500;L;7,6;10,2;L;
NORD-OVEST;LOMBARDIA;MI;3015146;C1AA; ;F205;MILANO;D;D04;MI00000311;21;Abitazioni di tipo economico;SCADENTE; ;1150;1500;L;3,5;4,5;L;
NORD-OVEST;LOMBARDIA;MI;3015146;C1AA; ;F205;MILANO;D;D04;MI00000311;21;Abitazioni di tipo economico;OTTIMO; ;1800;2500;L;5,5;7,5;L;
NORD-OVEST;LOMBARDIA;MI;3015146;C1AA; ;F205;MILANO;D;D04;MI00000311;21;Abitazioni di tipo economico;NORMALE;P;1500;1800;L;4,5;6;L;
NORD-OVEST;LOMBARDIA;MI;3015146;C1AA; ;F205;MILANO;D;D04;MI00000311;13;Box;NORMALE;P;1250;1650;L;5,5;7,5;L;
NORD-OVEST;LOMBARDIA;MI;3015146;C1AA; ;F205;MILANO;D;D04;MI00000311;1;Ville e Villini;SCADENTE; ;1450;1850;L;4,5;6;L;
NORD-OVEST;LOMBARDIA;MI;3015146;C1AA; ;F205;MILANO;D;D04;MI00000311;1;Ville e Villini;NORMALE;P;1950;2600;L;6;7,5;L;
NORD-OVEST;LOMBARDIA;MI;3015146;C1AA; ;F205;MILANO;D;D04;MI00000311;1;Ville e Villini;OTTIMO; ;2600;3600;L;8;10,5;L;
NORD-OVEST;LOMBARDIA;MI;3015146;C1AA; ;F205;MILANO;D;D04;MI00000311;9;Magazzini;NORMALE;P;450;650;L;2,5;3,7;L;
NORD-OVEST;LOMBARDIA;MI;3015146;C1AA; ;F205;MILANO;D;D04;MI00000311;5;Negozi;NORMALE;P;1700;2000;L;6,5;8,3;L;
NORD-OVEST;LOMBARDIA;MI;3015146;C1AA; ;F205;MILANO;D;D04;MI00000311;6;Uffici;OTTIMO;P;1650;2050;L;5,3;6,6;L;
NORD-OVEST;LOMBARDIA;MI;3015146;C1AA; ;F205;MILANO;D;D04;MI00000311;18;Uffici strutturati;OTTIMO;P;1850;2450;L;10,2;13;L;
NORD-OVEST;LOMBARDIA;MI;3015146;C1AA; ;F205;MILANO;D;D04;MI00000311;8;Capannoni industriali;OTTIMO;P;800;950;L;4,4;5,2;L;
NORD-OVEST;LOMBARDIA;MI;3015146;C1AA; ;F205;MILANO;D;D04;MI00000311;7;Capannoni tipici;OTTIMO;P;850;1000;L;4,7;5,5;L;
NORD-OVEST;LOMBARDIA;MI;3015146;C1AA; ;F205;MILANO;D;D04;MI00000311;10;Laboratori;NORMALE;P;750;950;L;4,4;5,6;L;
NORD-OVEST;LOMBARDIA;MI;3015146;C1AA; ;F205;MILANO;D;D05;MI00000312;20;Abitazioni civili;SCADENTE; ;1700;1850;L;5,5;6;L;
NORD-OVEST;LOMBARDIA;MI;3015146;C1AA; ;F205;MILANO;D;D05;MI00000312;20;Abitazioni civili;OTTIMO; ;2650;3400;L;8,5;10,5;L;
NORD-OVEST;LOMBARDIA;MI;3015146;C1AA; ;F205;MILANO;D;D05;MI00000312;20;Abitazioni civili;NORMALE;P;1900;2550;L;5,5;7,5;L;
NORD-OVEST;LOMBARDIA;MI;3015146;C1AA; ;F205;MILANO;D;D05;MI00000312;21;Abitazioni di tipo economico;OTTIMO; ;2200;2750;L;6,5;8,5;L;
NORD-OVEST;LOMBARDIA;MI;3015146;C1AA; ;F205;MILANO;D;D05;MI00000312;21;Abitazioni di tipo economico;NORMALE;P;1600;2200;L;5;6,5;L;
NORD-OVEST;LOMBARDIA;MI;3015146;C1AA; ;F205;MILANO;D;D05;MI00000312;21;Abitazioni di tipo economico;SCADENTE; ;1400;1550;L;4,5;5;L;
NORD-OVEST;LOMBARDIA;MI;3015146;C1AA; ;F205;MILANO;D;D05;MI00000312;13;Box;NORMALE;P;1400;2000;L;5;7;L;
NORD-OVEST;LOMBARDIA;MI;3015146;C1AA; ;F205;MILANO;D;D05;MI00000312;9;Magazzini;NORMALE;P;450;650;L;2,5;3,7;L;
NORD-OVEST;LOMBARDIA;MI;3015146;C1AA; ;F205;MILANO;D;D05;MI00000312;5;Negozi;NORMALE;P;1500;2200;L;6,2;9,1;L;
NORD-OVEST;LOMBARDIA;MI;3015146;C1AA; ;F205;MILANO;D;D05;MI00000312;6;Uffici;OTTIMO;P;1800;2200;L;6,3;7,3;L;
NORD-OVEST;LOMBARDIA;MI;3015146;C1AA; ;F205;MILANO;D;D05;MI00000312;18;Uffici strutturati;OTTIMO;P;2000;2500;L;10,8;13;L;
NORD-OVEST;LOMBARDIA;MI;3015146;C1AA; ;F205;MILANO;D;D05;MI00000312;8;Capannoni industriali;OTTIMO;P;800;1000;L;4,6;5,8;L;
NORD-OVEST;LOMBARDIA;MI;3015146;C1AA; ;F205;MILANO;D;D05;MI00000312;7;Capannoni tipici;OTTIMO;P;800;1100;L;4,4;5,8;L;
NORD-OVEST;LOMBARDIA;MI;3015146;C1AA; ;F205;MILANO;D;D05;MI00000312;10;Laboratori;NORMALE;P;850;1150;L;5;6,8;L;
NORD-OVEST;LOMBARDIA;MI;3015146;C1AA; ;F205;MILANO;D;D06;MI00000313;20;Abitazioni civili;SCADENTE; ;1750;1900;L;5,5;6,5;L;
NORD-OVEST;LOMBARDIA;MI;3015146;C1AA; ;F205;MILANO;D;D06;MI00000313;20;Abitazioni civili;OTTIMO; ;2550;3600;L;8;11,5;L;
NORD-OVEST;LOMBARDIA;MI;3015146;C1AA; ;F205;MILANO;D;D06;MI00000313;20;Abitazioni civili;NORMALE;P;1900;2550;L;6;7,5;L;
NORD-OVEST;LOMBARDIA;MI;3015146;C1AA; ;F205;MILANO;D;D06;MI00000313;21;Abitazioni di tipo economico;OTTIMO; ;2150;2650;L;6;8;L;
NORD-OVEST;LOMBARDIA;MI;3015146;C1AA; ;F205;MILANO;D;D06;MI00000313;21;Abitazioni di tipo economico;NORMALE;P;1600;2100;L;4,5;6;L;
NORD-OVEST;LOMBARDIA;MI;3015146;C1AA; ;F205;MILANO;D;D06;MI00000313;21;Abitazioni di tipo economico;SCADENTE; ;1400;1500;L;4;4,5;L;
NORD-OVEST;LOMBARDIA;MI;3015146;C1AA; ;F205;MILANO;D;D06;MI00000313;13;Box;NORMALE;P;1350;1850;L;4,5;6,5;L;
NORD-OVEST;LOMBARDIA;MI;3015146;C1AA; ;F205;MILANO;D;D06;MI00000313;9;Magazzini;NORMALE;P;600;800;L;3,2;4,4;L;
NORD-OVEST;LOMBARDIA;MI;3015146;C1AA; ;F205;MILANO;D;D06;MI00000313;5;Negozi;NORMALE;P;1550;1950;L;7,8;10,2;L;
NORD-OVEST;LOMBARDIA;MI;3015146;C1AA; ;F205;MILANO;D;D06;MI00000313;6;Uffici;OTTIMO;P;1650;2050;L;7,8;9,8;L;
NORD-OVEST;LOMBARDIA;MI;3015146;C1AA; ;F205;MILANO;D;D06;MI00000313;18;Uffici strutturati;OTTIMO;P;2250;3200;L;11,8;16,8;L;
NORD-OVEST;LOMBARDIA;MI;3015146;C1AA; ;F205;MILANO;D;D06;MI00000313;8;Capannoni industriali;OTTIMO;P;800;1100;L;4,3;5,5;L;
NORD-OVEST;LOMBARDIA;MI;3015146;C1AA; ;F205;MILANO;D;D06;MI00000313;7;Capannoni tipici;OTTIMO;P;800;1100;L;4,4;5,4;L;
NORD-OVEST;LOMBARDIA;MI;3015146;C1AA; ;F205;MILANO;D;D06;MI00000313;10;Laboratori;NORMALE;P;850;1150;L;4,8;6,6;L;
NORD-OVEST;LOMBARDIA;MI;3015146;C1AA; ;F205;MILANO;D;D07;MI00000314;20;Abitazioni civili;SCADENTE; ;1650;1850;L;5,5;6,5;L;
NORD-OVEST;LOMBARDIA;MI;3015146;C1AA; ;F205;MILANO;D;D07;MI00000314;20;Abitazioni civili;OTTIMO; ;2550;3500;L;8;10,5;L;
NORD-OVEST;LOMBARDIA;MI;3015146;C1AA; ;F205;MILANO;D;D07;MI00000314;20;Abitazioni civili;NORMALE;P;1850;2450;L;6,5;7,5;L;
NORD-OVEST;LOMBARDIA;MI;3015146;C1AA; ;F205;MILANO;D;D07;MI00000314;21;Abitazioni di tipo economico;OTTIMO; ;2100;2550;L;5,5;7,5;L;
NORD-OVEST;LOMBARDIA;MI;3015146;C1AA; ;F205;MILANO;D;D07;MI00000314;21;Abitazioni di tipo economico;NORMALE;P;1700;2050;L;5;6;L;
NORD-OVEST;LOMBARDIA;MI;3015146;C1AA; ;F205;MILANO;D;D07;MI00000314;21;Abitazioni di tipo economico;SCADENTE; ;1350;1700;L;4;5;L;
NORD-OVEST;LOMBARDIA;MI;3015146;C1AA; ;F205;MILANO;D;D07;MI00000314;13;Box;NORMALE;P;1600;2300;L;5,5;8;L;
NORD-OVEST;LOMBARDIA;MI;3015146;C1AA; ;F205;MILANO;D;D07;MI00000314;9;Magazzini;NORMALE;P;750;900;L;4,4;5,4;L;
NORD-OVEST;LOMBARDIA;MI;3015146;C1AA; ;F205;MILANO;D;D07;MI00000314;5;Negozi;NORMALE;P;1650;2450;L;7,5;11;L;
NORD-OVEST;LOMBARDIA;MI;3015146;C1AA; ;F205;MILANO;D;D07;MI00000314;6;Uffici;OTTIMO;P;1750;2350;L;7,2;9,2;L;
NORD-OVEST;LOMBARDIA;MI;3015146;C1AA; ;F205;MILANO;D;D07;MI00000314;18;Uffici strutturati;OTTIMO;P;2150;2800;L;11,2;14,2;L;
NORD-OVEST;LOMBARDIA;MI;3015146;C1AA; ;F205;MILANO;D;D07;MI00000314;8;Capannoni industriali;OTTIMO;P;800;1050;L;4,6;6,2;L;
NORD-OVEST;LOMBARDIA;MI;3015146;C1AA; ;F205;MILANO;D;D07;MI00000314;7;Capannoni tipici;OTTIMO;P;700;1100;L;4,2;5,8;L;
NORD-OVEST;LOMBARDIA;MI;3015146;C1AA; ;F205;MILANO;D;D07;MI00000314;10;Laboratori;NORMALE;P;1000;1300;L;5,4;7,2;L;
NORD-OVEST;LOMBARDIA;MI;3015146;C1AA; ;F205;MILANO;D;D08;MI00000315;20;Abitazioni civili;NORMALE; ;1850;2400;L;5;6;L;
NORD-OVEST;LOMBARDIA;MI;3015146;C1AA; ;F205;MILANO;D;D08;MI00000315;20;Abitazioni civili;SCADENTE; ;1750;1850;L;4,5;5;L;
NORD-OVEST;LOMBARDIA;MI;3015146;C1AA; ;F205;MILANO;D;D08;MI00000315;20;Abitazioni civili;OTTIMO;P;2650;3600;L;7;9,5;L;
NORD-OVEST;LOMBARDIA;MI;3015146;C1AA; ;F205;MILANO;D;D08;MI00000315;21;Abitazioni di tipo economico;SCADENTE; ;1350;1550;L;3,5;4;L;
NORD-OVEST;LOMBARDIA;MI;3015146;C1AA; ;F205;MILANO;D;D08;MI00000315;21;Abitazioni di tipo economico;OTTIMO; ;2100;2800;L;5;7;L;
NORD-OVEST;LOMBARDIA;MI;3015146;C1AA; ;F205;MILANO;D;D08;MI00000315;21;Abitazioni di tipo economico;NORMALE;P;1600;2100;L;4;5,5;L;
NORD-OVEST;LOMBARDIA;MI;3015146;C1AA; ;F205;MILANO;D;D08;MI00000315;13;Box;NORMALE;P;1450;2200;L;5;7,5;L;
NORD-OVEST;LOMBARDIA;MI;3015146;C1AA; ;F205;MILANO;D;D08;MI00000315;1;Ville e Villini;SCADENTE; ;1550;1850;L;5;6;L;
NORD-OVEST;LOMBARDIA;MI;3015146;C1AA; ;F205;MILANO;D;D08;MI00000315;1;Ville e Villini;NORMALE;P;1850;2300;L;6;7,5;L;
NORD-OVEST;LOMBARDIA;MI;3015146;C1AA; ;F205;MILANO;D;D08;MI00000315;1;Ville e Villini;OTTIMO; ;2500;3600;L;8;11,5;L;
NORD-OVEST;LOMBARDIA;MI;3015146;C1AA; ;F205;MILANO;D;D08;MI00000315;9;Magazzini;NORMALE;P;550;750;L;3,2;4,4;L;
NORD-OVEST;LOMBARDIA;MI;3015146;C1AA; ;F205;MILANO;D;D08;MI00000315;5;Negozi;NORMALE;P;1650;2350;L;6;8,5;L;
NORD-OVEST;LOMBARDIA;MI;3015146;C1AA; ;F205;MILANO;D;D08;MI00000315;6;Uffici;OTTIMO;P;1750;2450;L;6,5;9,5;L;
NORD-OVEST;LOMBARDIA;MI;3015146;C1AA; ;F205;MILANO;D;D08;MI00000315;18;Uffici strutturati;OTTIMO;P;2250;3100;L;11,5;16;L;
NORD-OVEST;LOMBARDIA;MI;3015146;C1AA; ;F205;MILANO;D;D08;MI00000315;8;Capannoni industriali;OTTIMO;P;850;1100;L;5;6,4;L;
NORD-OVEST;LOMBARDIA;MI;3015146;C1AA; ;F205;MILANO;D;D08;MI00000315;7;Capannoni tipici;OTTIMO;P;850;1150;L;4,8;6,4;L;
NORD-OVEST;LOMBARDIA;MI;3015146;C1AA; ;F205;MILANO;D;D08;MI00000315;10;Laboratori;NORMALE;P;800;1150;L;4,8;6,8;L;
NORD-OVEST;LOMBARDIA;MI;3015146;C1AA; ;F205;MILANO;D;D09;MI00000316;20;Abitazioni civili;SCADENTE; ;1700;2000;L;5,5;6,5;L;
NORD-OVEST;LOMBARDIA;MI;3015146;C1AA; ;F205;MILANO;D;D09;MI00000316;20;Abitazioni civili;OTTIMO; ;2850;3600;L;9;11,5;L;
NORD-OVEST;LOMBARDIA;MI;3015146;C1AA; ;F205;MILANO;D;D09;MI00000316;20;Abitazioni civili;NORMALE;P;2000;2700;L;7;9;L;
NORD-OVEST;LOMBARDIA;MI;3015146;C1AA; ;F205;MILANO;D;D09;MI00000316;21;Abitazioni di tipo economico;OTTIMO; ;2350;3000;L;7;9,5;L;
NORD-OVEST;LOMBARDIA;MI;3015146;C1AA; ;F205;MILANO;D;D09;MI00000316;21;Abitazioni di tipo economico;NORMALE;P;1650;2200;L;5,5;7,5;L;
NORD-OVEST;LOMBARDIA;MI;3015146;C1AA; ;F205;MILANO;D;D09;MI00000316;21;Abitazioni di tipo economico;SCADENTE; ;1400;1650;L;4,5;5;L;
NORD-OVEST;LOMBARDIA;MI;3015146;C1AA; ;F205;MILANO;D;D09;MI00000316;13;Box;NORMALE;P;1750;2550;L;6,5;9,5;L;
NORD-OVEST;LOMBARDIA;MI;3015146;C1AA; ;F205;MILANO;D;D09;MI00000316;9;Magazzini;NORMALE;P;600;850;L;3,5;5;L;
NORD-OVEST;LOMBARDIA;MI;3015146;C1AA; ;F205;MILANO;D;D09;MI00000316;5;Negozi;NORMALE;P;1800;2600;L;8,5;12,5;L;
NORD-OVEST;LOMBARDIA;MI;3015146;C1AA; ;F205;MILANO;D;D09;MI00000316;6;Uffici;OTTIMO;P;2000;2600;L;8,5;11;L;
NORD-OVEST;LOMBARDIA;MI;3015146;C1AA; ;F205;MILANO;D;D09;MI00000316;18;Uffici strutturati;OTTIMO;P;2200;3200;L;11,5;16,5;L;
NORD-OVEST;LOMBARDIA;MI;3015146;C1AA; ;F205;MILANO;D;D09;MI00000316;8;Capannoni industriali;OTTIMO;P;900;1000;L;5,2;5,8;L;
NORD-OVEST;LOMBARDIA;MI;3015146;C1AA; ;F205;MILANO;D;D09;MI00000316;7;Capannoni tipici;OTTIMO;P;900;1050;L;5,2;6;L;
NORD-OVEST;LOMBARDIA;MI;3015146;C1AA; ;F205;MILANO;D;D09;MI00000316;10;Laboratori;NORMALE;P;900;1350;L;5;7,5;L;
NORD-OVEST;LOMBARDIA;MI;3015146;C1AA; ;F205;MILANO;D;D10;MI00000317;20;Abitazioni civili;NORMALE;P;2100;2500;L;7;8,5;L;
NORD-OVEST;LOMBARDIA;MI;3015146;C1AA; ;F205;MILANO;D;D10;MI00000317;20;Abitazioni civili;SCADENTE; ;1500;2100;L;6;6,5;L;
NORD-OVEST;LOMBARDIA;MI;3015146;C1AA; ;F205;MILANO;D;D10;MI00000317;20;Abitazioni civili;OTTIMO; ;2650;3700;L;8,5;11,5;L;
NORD-OVEST;LOMBARDIA;MI;3015146;C1AA; ;F205;MILANO;D;D10;MI00000317;21;Abitazioni di tipo economico;SCADENTE; ;1400;1500;L;4,5;4,5;L;
NORD-OVEST;LOMBARDIA;MI;3015146;C1AA; ;F205;MILANO;D;D10;MI00000317;21;Abitazioni di tipo economico;OTTIMO; ;2150;2700;L;6;8;L;
NORD-OVEST;LOMBARDIA;MI;3015146;C1AA; ;F205;MILANO;D;D10;MI00000317;21;Abitazioni di tipo economico;NORMALE;P;1500;2050;L;4,5;6,5;L;
NORD-OVEST;LOMBARDIA;MI;3015146;C1AA; ;F205;MILANO;D;D10;MI00000317;13;Box;NORMALE;P;1600;2150;L;5,5;7,5;L;
NORD-OVEST;LOMBARDIA;MI;3015146;C1AA; ;F205;MILANO;D;D10;MI00000317;1;Ville e Villini;SCADENTE; ;1800;2000;L;6;7;L;
NORD-OVEST;LOMBARDIA;MI;3015146;C1AA; ;F205;MILANO;D;D10;MI00000317;1;Ville e Villini;NORMALE;P;2000;2500;L;6,5;8;L;
NORD-OVEST;LOMBARDIA;MI;3015146;C1AA; ;F205;MILANO;D;D10;MI00000317;1;Ville e Villini;OTTIMO; ;2700;3700;L;8,5;12,5;L;
NORD-OVEST;LOMBARDIA;MI;3015146;C1AA; ;F205;MILANO;D;D10;MI00000317;9;Magazzini;NORMALE;P;500;700;L;3;4;L;
NORD-OVEST;LOMBARDIA;MI;3015146;C1AA; ;F205;MILANO;D;D10;MI00000317;5;Negozi;NORMALE;P;1800;2500;L;7;10;L;
NORD-OVEST;LOMBARDIA;MI;3015146;C1AA; ;F205;MILANO;D;D10;MI00000317;6;Uffici;OTTIMO;P;1800;2400;L;7,6;9,6;L;
NORD-OVEST;LOMBARDIA;MI;3015146;C1AA; ;F205;MILANO;D;D10;MI00000317;18;Uffici strutturati;OTTIMO;P;2200;3100;L;11,8;16,5;L;
NORD-OVEST;LOMBARDIA;MI;3015146;C1AA; ;F205;MILANO;D;D10;MI00000317;8;Capannoni industriali;OTTIMO;P;850;950;L;5;5,6;L;
NORD-OVEST;LOMBARDIA;MI;3015146;C1AA; ;F205;MILANO;D;D10;MI00000317;7;Capannoni tipici;OTTIMO;P;750;1000;L;5;5,8;L;
NORD-OVEST;LOMBARDIA;MI;3015146;C1AA; ;F205;MILANO;D;D10;MI00000317;10;Laboratori;NORMALE;P;850;1100;L;4,7;6,2;L;
NORD-OVEST;LOMBARDIA;MI;3015146;C1AA; ;F205;MILANO;D;D11;MI00000318;20;Abitazioni civili;SCADENTE; ;1900;2200;L;6;7;L;
NORD-OVEST;LOMBARDIA;MI;3015146;C1AA; ;F205;MILANO;D;D11;MI00000318;20;Abitazioni civili;OTTIMO; ;3200;3600;L;10;11,5;L;
NORD-OVEST;LOMBARDIA;MI;3015146;C1AA; ;F205;MILANO;D;D11;MI00000318;20;Abitazioni civili;NORMALE;P;2250;2950;L;7;9;L;
NORD-OVEST;LOMBARDIA;MI;3015146;C1AA; ;F205;MILANO;D;D11;MI00000318;21;Abitazioni di tipo economico;OTTIMO; ;2300;2600;L;5;6,5;L;
NORD-OVEST;LOMBARDIA;MI;3015146;C1AA; ;F205;MILANO;D;D11;MI00000318;21;Abitazioni di tipo economico;NORMALE;P;1800;2300;L;4,5;5,5;L;
NORD-OVEST;LOMBARDIA;MI;3015146;C1AA; ;F205;MILANO;D;D11;MI00000318;21;Abitazioni di tipo economico;SCADENTE; ;1500;1700;L;3,5;4;L;
NORD-OVEST;LOMBARDIA;MI;3015146;C1AA; ;F205;MILANO;D;D11;MI00000318;13;Box;NORMALE;P;1800;2500;L;7;10;L;
NORD-OVEST;LOMBARDIA;MI;3015146;C1AA; ;F205;MILANO;D;D11;MI00000318;9;Magazzini;NORMALE;P;500;700;L;2,7;4;L;
NORD-OVEST;LOMBARDIA;MI;3015146;C1AA; ;F205;MILANO;D;D11;MI00000318;5;Negozi;NORMALE;P;1550;2300;L;6,8;10,2;L;
NORD-OVEST;LOMBARDIA;MI;3015146;C1AA; ;F205;MILANO;D;D11;MI00000318;6;Uffici;OTTIMO;P;1800;2400;L;7,5;9,5;L;
NORD-OVEST;LOMBARDIA;MI;3015146;C1AA; ;F205;MILANO;D;D11;MI00000318;18;Uffici strutturati;OTTIMO;P;2400;2800;L;12,7;15,2;L;
NORD-OVEST;LOMBARDIA;MI;3015146;C1AA; ;F205;MILANO;D;D11;MI00000318;8;Capannoni industriali;OTTIMO;P;850;1000;L;4,6;5,6;L;
NORD-OVEST;LOMBARDIA;MI;3015146;C1AA; ;F205;MILANO;D;D11;MI00000318;7;Capannoni tipici;OTTIMO;P;800;1000;L;4,6;5,8;L;
NORD-OVEST;LOMBARDIA;MI;3015146;C1AA; ;F205;MILANO;D;D11;MI00000318;10;Laboratori;NORMALE;P;700;1000;L;4;6;L;
NORD-OVEST;LOMBARDIA;MI;3015146;C1AA; ;F205;MILANO;D;D12;MI00000319;20;Abitazioni civili;SCADENTE; ;2100;2400;L;6,5;7,5;L;
NORD-OVEST;LOMBARDIA;MI;3015146;C1AA; ;F205;MILANO;D;D12;MI00000319;20;Abitazioni civili;OTTIMO; ;3600;4100;L;10;12,5;L;
NORD-OVEST;LOMBARDIA;MI;3015146;C1AA; ;F205;MILANO;D;D12;MI00000319;20;Abitazioni civili;NORMALE;P;2400;3400;L;7,5;10,5;L;
NORD-OVEST;LOMBARDIA;MI;3015146;C1AA; ;F205;MILANO;D;D12;MI00000319;21;Abitazioni di tipo economico;OTTIMO; ;2600;2900;L;6,5;8;L;
NORD-OVEST;LOMBARDIA;MI;3015146;C1AA; ;F205;MILANO;D;D12;MI00000319;21;Abitazioni di tipo economico;NORMALE;P;2200;2400;L;6;7;L;
NORD-OVEST;LOMBARDIA;MI;3015146;C1AA; ;F205;MILANO;D;D12;MI00000319;21;Abitazioni di tipo economico;SCADENTE; ;1700;2200;L;4,5;5,5;L;
NORD-OVEST;LOMBARDIA;MI;3015146;C1AA; ;F205;MILANO;D;D12;MI00000319;13;Box;NORMALE;P;2000;2750;L;8,5;12;L;
NORD-OVEST;LOMBARDIA;MI;3015146;C1AA; ;F205;MILANO;D;D12;MI00000319;9;Magazzini;NORMALE;P;600;800;L;3,6;4,8;L;
NORD-OVEST;LOMBARDIA;MI;3015146;C1AA; ;F205;MILANO;D;D12;MI00000319;5;Negozi;NORMALE;P;1900;2700;L;6,5;9,3;L;
NORD-OVEST;LOMBARDIA;MI;3015146;C1AA; ;F205;MILANO;D;D12;MI00000319;6;Uffici;OTTIMO;P;2000;2600;L;8,5;10,3;L;
NORD-OVEST;LOMBARDIA;MI;3015146;C1AA; ;F205;MILANO;D;D12;MI00000319;18;Uffici strutturati;OTTIMO;P;2300;3000;L;12,2;15,7;L;
NORD-OVEST;LOMBARDIA;MI;3015146;C1AA; ;F205;MILANO;D;D12;MI00000319;8;Capannoni industriali;OTTIMO;P;800;950;L;4,6;5,4;L;
NORD-OVEST;LOMBARDIA;MI;3015146;C1AA; ;F205;MILANO;D;D12;MI00000319;7;Capannoni tipici;OTTIMO;P;800;1000;L;4,5;5,5;L;
NORD-OVEST;LOMBARDIA;MI;3015146;C1AA; ;F205;MILANO;D;D12;MI00000319;10;Laboratori;NORMALE;P;700;1000;L;4;6;L;
NORD-OVEST;LOMBARDIA;MI;3015146;C1AA; ;F205;MILANO;D;D13;MI00000320;20;Abitazioni civili;SCADENTE; ;1700;2000;L;4;5;L;
NORD-OVEST;LOMBARDIA;MI;3015146;C1AA; ;F205;MILANO;D;D13;MI00000320;20;Abitazioni civili;OTTIMO; ;2700;3700;L;6,5;8,5;L;
NORD-OVEST;LOMBARDIA;MI;3015146;C1AA; ;F205;MILANO;D;D13;MI00000320;20;Abitazioni civili;NORMALE;P;2100;2400;L;4,5;6;L;
NORD-OVEST;LOMBARDIA;MI;3015146;C1AA; ;F205;MILANO;D;D13;MI00000320;21;Abitazioni di tipo economico;OTTIMO; ;2100;2500;L;4,5;5,5;L;
NORD-OVEST;LOMBARDIA;MI;3015146;C1AA; ;F205;MILANO;D;D13;MI00000320;21;Abitazioni di tipo economico;NORMALE;P;1800;2100;L;3,5;4,5;L;
NORD-OVEST;LOMBARDIA;MI;3015146;C1AA; ;F205;MILANO;D;D13;MI00000320;21;Abitazioni di tipo economico;SCADENTE; ;1500;1600;L;3,5;4;L;
NORD-OVEST;LOMBARDIA;MI;3015146;C1AA; ;F205;MILANO;D;D13;MI00000320;13;Box;NORMALE;P;1600;2200;L;6;8,5;L;
NORD-OVEST;LOMBARDIA;MI;3015146;C1AA; ;F205;MILANO;D;D13;MI00000320;9;Magazzini;NORMALE;P;450;600;L;2,5;3,5;L;
NORD-OVEST;LOMBARDIA;MI;3015146;C1AA; ;F205;MILANO;D;D13;MI00000320;5;Negozi;NORMALE;P;1600;2100;L;6;7,8;L;
NORD-OVEST;LOMBARDIA;MI;3015146;C1AA; ;F205;MILANO;D;D13;MI00000320;6;Uffici;OTTIMO;P;1600;2300;L;5,5;8;L;
NORD-OVEST;LOMBARDIA;MI;3015146;C1AA; ;F205;MILANO;D;D13;MI00000320;18;Uffici strutturati;OTTIMO;P;1950;2600;L;10,2;13,8;L;
NORD-OVEST;LOMBARDIA;MI;3015146;C1AA; ;F205;MILANO;D;D13;MI00000320;8;Capannoni industriali;OTTIMO;P;750;950;L;4,4;5;L;
NORD-OVEST;LOMBARDIA;MI;3015146;C1AA; ;F205;MILANO;D;D13;MI00000320;7;Capannoni tipici;OTTIMO;P;750;1000;L;4,3;5,3;L;
NORD-OVEST;LOMBARDIA;MI;3015146;C1AA; ;F205;MILANO;D;D13;MI00000320;10;Laboratori;NORMALE;P;700;900;L;3,7;4,8;L;
NORD-OVEST;LOMBARDIA;MI;3015146;C1AA; ;F205;MILANO;D;D14;MI00000321;20;Abitazioni civili;NORMALE;P;2450;2900;L;6,5;8;L;
NORD-OVEST;LOMBARDIA;MI;3015146;C1AA; ;F205;MILANO;D;D14;MI00000321;20;Abitazioni civili;SCADENTE; ;2000;2400;L;6;7;L;
NORD-OVEST;LOMBARDIA;MI;3015146;C1AA; ;F205;MILANO;D;D14;MI00000321;20;Abitazioni civili;OTTIMO; ;3200;4200;L;9;12;L;
NORD-OVEST;LOMBARDIA;MI;3015146;C1AA; ;F205;MILANO;D;D14;MI00000321;21;Abitazioni di tipo economico;SCADENTE; ;1600;1800;L;4;4,5;L;
NORD-OVEST;LOMBARDIA;MI;3015146;C1AA; ;F205;MILANO;D;D14;MI00000321;21;Abitazioni di tipo economico;OTTIMO; ;2450;2950;L;6;7;L;
NORD-OVEST;LOMBARDIA;MI;3015146;C1AA; ;F205;MILANO;D;D14;MI00000321;21;Abitazioni di tipo economico;NORMALE;P;1800;2450;L;4,5;6;L;
NORD-OVEST;LOMBARDIA;MI;3015146;C1AA; ;F205;MILANO;D;D14;MI00000321;13;Box;NORMALE;P;1900;2700;L;8;11,5;L;
NORD-OVEST;LOMBARDIA;MI;3015146;C1AA; ;F205;MILANO;D;D14;MI00000321;1;Ville e Villini;SCADENTE; ;1750;2100;L;4,5;5,5;L;
NORD-OVEST;LOMBARDIA;MI;3015146;C1AA; ;F205;MILANO;D;D14;MI00000321;1;Ville e Villini;NORMALE;P;2250;2750;L;5,5;7;L;
NORD-OVEST;LOMBARDIA;MI;3015146;C1AA; ;F205;MILANO;D;D14;MI00000321;1;Ville e Villini;OTTIMO; ;2900;4200;L;7,5;10,5;L;
NORD-OVEST;LOMBARDIA;MI;3015146;C1AA; ;F205;MILANO;D;D14;MI00000321;9;Magazzini;NORMALE;P;500;650;L;3;3,8;L;
NORD-OVEST;LOMBARDIA;MI;3015146;C1AA; ;F205;MILANO;D;D14;MI00000321;5;Negozi;NORMALE;P;1900;2600;L;8;10,8;L;
NORD-OVEST;LOMBARDIA;MI;3015146;C1AA; ;F205;MILANO;D;D14;MI00000321;6;Uffici;OTTIMO;P;1900;2500;L;7,5;9,5;L;
NORD-OVEST;LOMBARDIA;MI;3015146;C1AA; ;F205;MILANO;D;D14;MI00000321;18;Uffici strutturati;OTTIMO;P;2000;2900;L;11,2;15,2;L;
NORD-OVEST;LOMBARDIA;MI;3015146;C1AA; ;F205;MILANO;D;D14;MI00000321;8;Capannoni industriali;OTTIMO;P;700;900;L;4;5,2;L;
NORD-OVEST;LOMBARDIA;MI;3015146;C1AA; ;F205;MILANO;D;D14;MI00000321;7;Capannoni tipici;OTTIMO;P;800;1000;L;4,3;5,5;L;
NORD-OVEST;LOMBARDIA;MI;3015146;C1AA; ;F205;MILANO;D;D14;MI00000321;10;Laboratori;NORMALE;P;800;1100;L;4,7;6,5;L;
NORD-OVEST;LOMBARDIA;MI;3015146;C1AA; ;F205;MILANO;D;D15;MI00000322;20;Abitazioni civili;NORMALE;P;1900;2800;L;6;7;L;
NORD-OVEST;LOMBARDIA;MI;3015146;C1AA; ;F205;MILANO;D;D15;MI00000322;20;Abitazioni civili;SCADENTE; ;1600;1800;L;5;6;L;
NORD-OVEST;LOMBARDIA;MI;3015146;C1AA; ;F205;MILANO;D;D15;MI00000322;20;Abitazioni civili;OTTIMO; ;2800;3600;L;7,5;10,5;L;
NORD-OVEST;LOMBARDIA;MI;3015146;C1AA; ;F205;MILANO;D;D15;MI00000322;21;Abitazioni di tipo economico;SCADENTE; ;1300;1500;L;3,5;4;L;
NORD-OVEST;LOMBARDIA;MI;3015146;C1AA; ;F205;MILANO;D;D15;MI00000322;21;Abitazioni di tipo economico;OTTIMO; ;1700;2300;L;4,5;6;L;
NORD-OVEST;LOMBARDIA;MI;3015146;C1AA; ;F205;MILANO;D;D15;MI00000322;21;Abitazioni di tipo economico;NORMALE;P;1500;1700;L;3,5;4,5;L;
NORD-OVEST;LOMBARDIA;MI;3015146;C1AA; ;F205;MILANO;D;D15;MI00000322;13;Box;NORMALE;P;1500;2100;L;6,5;9,5;L;
NORD-OVEST;LOMBARDIA;MI;3015146;C1AA; ;F205;MILANO;D;D15;MI00000322;1;Ville e Villini;SCADENTE; ;1700;1850;L;5;6,5;L;
NORD-OVEST;LOMBARDIA;MI;3015146;C1AA; ;F205;MILANO;D;D15;MI00000322;1;Ville e Villini;NORMALE;P;1900;2800;L;6;6,7;L;
NORD-OVEST;LOMBARDIA;MI;3015146;C1AA; ;F205;MILANO;D;D15;MI00000322;1;Ville e Villini;OTTIMO; ;2800;3600;L;6,5;8,5;L;
NORD-OVEST;LOMBARDIA;MI;3015146;C1AA; ;F205;MILANO;D;D15;MI00000322;9;Magazzini;NORMALE;P;450;600;L;2,5;3,5;L;
NORD-OVEST;LOMBARDIA;MI;3015146;C1AA; ;F205;MILANO;D;D15;MI00000322;5;Negozi;NORMALE;P;1500;2200;L;6,8;9,8;L;
NORD-OVEST;LOMBARDIA;MI;3015146;C1AA; ;F205;MILANO;D;D15;MI00000322;6;Uffici;OTTIMO;P;1550;1900;L;5;7;L;
NORD-OVEST;LOMBARDIA;MI;3015146;C1AA; ;F205;MILANO;D;D15;MI00000322;18;Uffici strutturati;OTTIMO;P;1950;2550;L;10,9;13,4;L;
NORD-OVEST;LOMBARDIA;MI;3015146;C1AA; ;F205;MILANO;D;D15;MI00000322;8;Capannoni industriali;OTTIMO;P;850;950;L;4,6;5,2;L;
NORD-OVEST;LOMBARDIA;MI;3015146;C1AA; ;F205;MILANO;D;D15;MI00000322;7;Capannoni tipici;OTTIMO;P;850;1100;L;4,5;5,5;L;
NORD-OVEST;LOMBARDIA;MI;3015146;C1AA; ;F205;MILANO;D;D15;MI00000322;10;Laboratori;NORMALE;P;700;950;L;3,8;5,3;L;
NORD-OVEST;LOMBARDIA;MI;3015146;C1AA; ;F205;MILANO;D;D16;MI00000323;20;Abitazioni civili;SCADENTE; ;1800;2200;L;4;5;L;
NORD-OVEST;LOMBARDIA;MI;3015146;C1AA; ;F205;MILANO;D;D16;MI00000323;20;Abitazioni civili;OTTIMO; ;3300;4300;L;7,5;10,5;L;
NORD-OVEST;LOMBARDIA;MI;3015146;C1AA; ;F205;MILANO;D;D16;MI00000323;20;Abitazioni civili;NORMALE;P;2200;2950;L;5,5;7;L;
NORD-OVEST;LOMBARDIA;MI;3015146;C1AA; ;F205;MILANO;D;D16;MI00000323;21;Abitazioni di tipo economico;OTTIMO; ;2150;2650;L;4,5;6;L;
NORD-OVEST;LOMBARDIA;MI;3015146;C1AA; ;F205;MILANO;D;D16;MI00000323;21;Abitazioni di tipo economico;NORMALE;P;1800;2150;L;3,5;4,5;L;
NORD-OVEST;LOMBARDIA;MI;3015146;C1AA; ;F205;MILANO;D;D16;MI00000323;21;Abitazioni di tipo economico;SCADENTE; ;1550;1800;L;3,5;4;L;
NORD-OVEST;LOMBARDIA;MI;3015146;C1AA; ;F205;MILANO;D;D16;MI00000323;13;Box;NORMALE;P;1750;2500;L;7,5;11;L;
NORD-OVEST;LOMBARDIA;MI;3015146;C1AA; ;F205;MILANO;D;D16;MI00000323;9;Magazzini;NORMALE;P;400;550;L;2,4;3,2;L;
NORD-OVEST;LOMBARDIA;MI;3015146;C1AA; ;F205;MILANO;D;D16;MI00000323;5;Negozi;NORMALE;P;1550;2300;L;7;10,8;L;
NORD-OVEST;LOMBARDIA;MI;3015146;C1AA; ;F205;MILANO;D;D16;MI00000323;6;Uffici;OTTIMO;P;1850;2450;L;7,5;9,3;L;
NORD-OVEST;LOMBARDIA;MI;3015146;C1AA; ;F205;MILANO;D;D16;MI00000323;18;Uffici strutturati;OTTIMO;P;2050;3100;L;10,7;15,7;L;
NORD-OVEST;LOMBARDIA;MI;3015146;C1AA; ;F205;MILANO;D;D16;MI00000323;8;Capannoni industriali;OTTIMO;P;750;950;L;4,4;5,6;L;
NORD-OVEST;LOMBARDIA;MI;3015146;C1AA; ;F205;MILANO;D;D16;MI00000323;7;Capannoni tipici;OTTIMO;P;750;1050;L;4;5,8;L;
NORD-OVEST;LOMBARDIA;MI;3015146;C1AA; ;F205;MILANO;D;D16;MI00000323;10;Laboratori;NORMALE;P;700;900;L;3,6;4,8;L;
NORD-OVEST;LOMBARDIA;MI;3015146;C1AA; ;F205;MILANO;D;D17;MI00000324;20;Abitazioni civili;SCADENTE; ;1550;2100;L;4,5;6;L;
NORD-OVEST;LOMBARDIA;MI;3015146;C1AA; ;F205;MILANO;D;D17;MI00000324;20;Abitazioni civili;OTTIMO; ;2850;3500;L;8,5;10;L;
NORD-OVEST;LOMBARDIA;MI;3015146;C1AA; ;F205;MILANO;D;D17;MI00000324;20;Abitazioni civili;NORMALE;P;2150;2600;L;6;7,5;L;
NORD-OVEST;LOMBARDIA;MI;3015146;C1AA; ;F205;MILANO;D;D17;MI00000324;21;Abitazioni di tipo economico;OTTIMO; ;1900;2450;L;5;6,5;L;
NORD-OVEST;LOMBARDIA;MI;3015146;C1AA; ;F205;MILANO;D;D17;MI00000324;21;Abitazioni di tipo economico;NORMALE;P;1700;1900;L;4,5;5;L;
NORD-OVEST;LOMBARDIA;MI;3015146;C1AA; ;F205;MILANO;D;D17;MI00000324;21;Abitazioni di tipo economico;SCADENTE; ;1450;1700;L;4;4,5;L;
NORD-OVEST;LOMBARDIA;MI;3015146;C1AA; ;F205;MILANO;D;D17;MI00000324;13;Box;NORMALE;P;1550;2300;L;6;9;L;
NORD-OVEST;LOMBARDIA;MI;3015146;C1AA; ;F205;MILANO;D;D17;MI00000324;9;Magazzini;NORMALE;P;450;600;L;2,6;3,6;L;
NORD-OVEST;LOMBARDIA;MI;3015146;C1AA; ;F205;MILANO;D;D17;MI00000324;5;Negozi;NORMALE;P;1500;2150;L;5,9;8,3;L;
NORD-OVEST;LOMBARDIA;MI;3015146;C1AA; ;F205;MILANO;D;D17;MI00000324;6;Uffici;OTTIMO;P;1650;2150;L;6,5;8,1;L;
NORD-OVEST;LOMBARDIA;MI;3015146;C1AA; ;F205;MILANO;D;D17;MI00000324;18;Uffici strutturati;NORMALE;P;1950;2600;L;10,5;13,9;L;
NORD-OVEST;LOMBARDIA;MI;3015146;C1AA; ;F205;MILANO;D;D17;MI00000324;8;Capannoni industriali;OTTIMO;P;800;1050;L;4,6;6,2;L;
NORD-OVEST;LOMBARDIA;MI;3015146;C1AA; ;F205;MILANO;D;D17;MI00000324;7;Capannoni tipici;OTTIMO;P;800;1100;L;4,4;6,2;L;
NORD-OVEST;LOMBARDIA;MI;3015146;C1AA; ;F205;MILANO;D;D17;MI00000324;10;Laboratori;NORMALE;P;800;1100;L;5;6,6;L;
NORD-OVEST;LOMBARDIA;MI;3015146;C1AA; ;F205;MILANO;D;D18;MI00000325;20;Abitazioni civili;SCADENTE; ;1600;2000;L;4;5;L;
NORD-OVEST;LOMBARDIA;MI;3015146;C1AA; ;F205;MILANO;D;D18;MI00000325;20;Abitazioni civili;OTTIMO; ;2650;3400;L;6,5;8;L;
NORD-OVEST;LOMBARDIA;MI;3015146;C1AA; ;F205;MILANO;D;D18;MI00000325;20;Abitazioni civili;NORMALE;P;2000;2650;L;5;6,5;L;
NORD-OVEST;LOMBARDIA;MI;3015146;C1AA; ;F205;MILANO;D;D18;MI00000325;21;Abitazioni di tipo economico;OTTIMO; ;2150;2600;L;4,5;5,5;L;
NORD-OVEST;LOMBARDIA;MI;3015146;C1AA; ;F205;MILANO;D;D18;MI00000325;21;Abitazioni di tipo economico;NORMALE;P;1900;2100;L;4;4,5;L;
NORD-OVEST;LOMBARDIA;MI;3015146;C1AA; ;F205;MILANO;D;D18;MI00000325;21;Abitazioni di tipo economico;SCADENTE; ;1600;1850;L;3;4;L;
NORD-OVEST;LOMBARDIA;MI;3015146;C1AA; ;F205;MILANO;D;D18;MI00000325;13;Box;NORMALE;P;1450;2050;L;5,5;8;L;
NORD-OVEST;LOMBARDIA;MI;3015146;C1AA; ;F205;MILANO;D;D18;MI00000325;9;Magazzini;NORMALE;P;500;650;L;2,8;3,8;L;
NORD-OVEST;LOMBARDIA;MI;3015146;C1AA; ;F205;MILANO;D;D18;MI00000325;5;Negozi;NORMALE;P;1450;2100;L;6;8,5;L;
NORD-OVEST;LOMBARDIA;MI;3015146;C1AA; ;F205;MILANO;D;D18;MI00000325;6;Uffici;OTTIMO;P;1600;2100;L;6,5;8,5;L;
NORD-OVEST;LOMBARDIA;MI;3015146;C1AA; ;F205;MILANO;D;D18;MI00000325;18;Uffici strutturati;OTTIMO;P;1850;2350;L;10,5;12,5;L;
NORD-OVEST;LOMBARDIA;MI;3015146;C1AA; ;F205;MILANO;D;D18;MI00000325;8;Capannoni industriali;OTTIMO;P;800;1050;L;4,6;6,2;L;
NORD-OVEST;LOMBARDIA;MI;3015146;C1AA; ;F205;MILANO;D;D18;MI00000325;7;Capannoni tipici;OTTIMO;P;800;1100;L;4,5;6;L;
NORD-OVEST;LOMBARDIA;MI;3015146;C1AA; ;F205;MILANO;D;D18;MI00000325;10;Laboratori;NORMALE;P;900;1150;L;5,3;6,8;L;
NORD-OVEST;LOMBARDIA;MI;3015146;C1AA; ;F205;MILANO;D;D19;MI00000326;20;Abitazioni civili;NORMALE;P;1850;2400;L;6;8;L;
NORD-OVEST;LOMBARDIA;MI;3015146;C1AA; ;F205;MILANO;D;D19;MI00000326;20;Abitazioni civili;SCADENTE; ;1500;1750;L;5;6;L;
NORD-OVEST;LOMBARDIA;MI;3015146;C1AA; ;F205;MILANO;D;D19;MI00000326;20;Abitazioni civili;OTTIMO; ;2400;2650;L;7,2;8,7;L;
NORD-OVEST;LOMBARDIA;MI;3015146;C1AA; ;F205;MILANO;D;D19;MI00000326;21;Abitazioni di tipo economico;SCADENTE; ;1200;1400;L;4;4,5;L;
NORD-OVEST;LOMBARDIA;MI;3015146;C1AA; ;F205;MILANO;D;D19;MI00000326;21;Abitazioni di tipo economico;OTTIMO; ;1950;2200;L;5,5;6,5;L;
NORD-OVEST;LOMBARDIA;MI;3015146;C1AA; ;F205;MILANO;D;D19;MI00000326;21;Abitazioni di tipo economico;NORMALE;P;1500;1950;L;5;6;L;
NORD-OVEST;LOMBARDIA;MI;3015146;C1AA; ;F205;MILANO;D;D19;MI00000326;13;Box;NORMALE;P;1300;1800;L;6;8,5;L;
NORD-OVEST;LOMBARDIA;MI;3015146;C1AA; ;F205;MILANO;D;D19;MI00000326;1;Ville e Villini;SCADENTE; ;1500;1750;L;4,3;5;L;
NORD-OVEST;LOMBARDIA;MI;3015146;C1AA; ;F205;MILANO;D;D19;MI00000326;1;Ville e Villini;NORMALE;P;1850;2350;L;5,5;6,5;L;
NORD-OVEST;LOMBARDIA;MI;3015146;C1AA; ;F205;MILANO;D;D19;MI00000326;1;Ville e Villini;OTTIMO; ;2350;2600;L;6,5;7,5;L;
NORD-OVEST;LOMBARDIA;MI;3015146;C1AA; ;F205;MILANO;D;D19;MI00000326;9;Magazzini;NORMALE;P;500;650;L;3;4;L;
NORD-OVEST;LOMBARDIA;MI;3015146;C1AA; ;F205;MILANO;D;D19;MI00000326;5;Negozi;NORMALE;P;1300;1750;L;5;7,3;L;
NORD-OVEST;LOMBARDIA;MI;3015146;C1AA; ;F205;MILANO;D;D19;MI00000326;6;Uffici;OTTIMO;P;1650;1950;L;7,5;8,2;L;
NORD-OVEST;LOMBARDIA;MI;3015146;C1AA; ;F205;MILANO;D;D19;MI00000326;18;Uffici strutturati;OTTIMO;P;1850;2400;L;9,7;12,7;L;
NORD-OVEST;LOMBARDIA;MI;3015146;C1AA; ;F205;MILANO;D;D19;MI00000326;8;Capannoni industriali;OTTIMO;P;850;950;L;5;5,6;L;
NORD-OVEST;LOMBARDIA;MI;3015146;C1AA; ;F205;MILANO;D;D19;MI00000326;7;Capannoni tipici;OTTIMO;P;850;1000;L;4,6;5,4;L;
NORD-OVEST;LOMBARDIA;MI;3015146;C1AA; ;F205;MILANO;D;D19;MI00000326;10;Laboratori;NORMALE;P;700;900;L;4,3;6;L;
NORD-OVEST;LOMBARDIA;MI;3015146;C1AA; ;F205;MILANO;D;D20;MI00000327;20;Abitazioni civili;SCADENTE; ;1500;2000;L;5,5;7;L;
NORD-OVEST;LOMBARDIA;MI;3015146;C1AA; ;F205;MILANO;D;D20;MI00000327;20;Abitazioni civili;OTTIMO; ;2650;3700;L;9,5;13;L;
NORD-OVEST;LOMBARDIA;MI;3015146;C1AA; ;F205;MILANO;D;D20;MI00000327;20;Abitazioni civili;NORMALE;P;1950;2500;L;7;9;L;
NORD-OVEST;LOMBARDIA;MI;3015146;C1AA; ;F205;MILANO;D;D20;MI00000327;21;Abitazioni di tipo economico;OTTIMO; ;2150;2800;L;7,5;9,5;L;
NORD-OVEST;LOMBARDIA;MI;3015146;C1AA; ;F205;MILANO;D;D20;MI00000327;21;Abitazioni di tipo economico;NORMALE;P;1600;2100;L;6;7,5;L;
NORD-OVEST;LOMBARDIA;MI;3015146;C1AA; ;F205;MILANO;D;D20;MI00000327;21;Abitazioni di tipo economico;SCADENTE; ;1400;1600;L;5;6;L;
NORD-OVEST;LOMBARDIA;MI;3015146;C1AA; ;F205;MILANO;D;D20;MI00000327;13;Box;NORMALE;P;1400;2000;L;6,8;9,8;L;
NORD-OVEST;LOMBARDIA;MI;3015146;C1AA; ;F205;MILANO;D;D20;MI00000327;9;Magazzini;NORMALE;P;450;650;L;2,5;3,8;L;
NORD-OVEST;LOMBARDIA;MI;3015146;C1AA; ;F205;MILANO;D;D20;MI00000327;5;Negozi;NORMALE;P;1600;2100;L;7;10,5;L;
NORD-OVEST;LOMBARDIA;MI;3015146;C1AA; ;F205;MILANO;D;D20;MI00000327;6;Uffici;OTTIMO;P;1750;2250;L;8,2;10,4;L;
NORD-OVEST;LOMBARDIA;MI;3015146;C1AA; ;F205;MILANO;D;D20;MI00000327;18;Uffici strutturati;OTTIMO;P;2000;2550;L;10,2;13,9;L;
NORD-OVEST;LOMBARDIA;MI;3015146;C1AA; ;F205;MILANO;D;D20;MI00000327;8;Capannoni industriali;OTTIMO;P;850;1100;L;5;6,5;L;
NORD-OVEST;LOMBARDIA;MI;3015146;C1AA; ;F205;MILANO;D;D20;MI00000327;7;Capannoni tipici;OTTIMO;P;950;1100;L;5;6,5;L;
NORD-OVEST;LOMBARDIA;MI;3015146;C1AA; ;F205;MILANO;D;D20;MI00000327;10;Laboratori;NORMALE;P;800;1200;L;4,8;7,2;L;
NORD-OVEST;LOMBARDIA;MI;3015146;C1AA; ;F205;MILANO;D;D21;MI00000328;20;Abitazioni civili;SCADENTE; ;1700;2100;L;6,5;8,5;L;
NORD-OVEST;LOMBARDIA;MI;3015146;C1AA; ;F205;MILANO;D;D21;MI00000328;20;Abitazioni civili;OTTIMO; ;2750;3700;L;10,5;14,5;L;
NORD-OVEST;LOMBARDIA;MI;3015146;C1AA; ;F205;MILANO;D;D21;MI00000328;20;Abitazioni civili;NORMALE;P;2150;2700;L;8,5;10,5;L;
NORD-OVEST;LOMBARDIA;MI;3015146;C1AA; ;F205;MILANO;D;D21;MI00000328;21;Abitazioni di tipo economico;OTTIMO; ;2300;2600;L;6;9;L;
NORD-OVEST;LOMBARDIA;MI;3015146;C1AA; ;F205;MILANO;D;D21;MI00000328;21;Abitazioni di tipo economico;NORMALE;P;1700;2300;L;5,5;8;L;
NORD-OVEST;LOMBARDIA;MI;3015146;C1AA; ;F205;MILANO;D;D21;MI00000328;21;Abitazioni di tipo economico;SCADENTE; ;1500;1700;L;5;6;L;
NORD-OVEST;LOMBARDIA;MI;3015146;C1AA; ;F205;MILANO;D;D21;MI00000328;13;Box;NORMALE;P;1600;2300;L;7,5;11;L;
NORD-OVEST;LOMBARDIA;MI;3015146;C1AA; ;F205;MILANO;D;D21;MI00000328;9;Magazzini;NORMALE;P;450;600;L;2,5;3,7;L;
NORD-OVEST;LOMBARDIA;MI;3015146;C1AA; ;F205;MILANO;D;D21;MI00000328;5;Negozi;NORMALE;P;1600;2300;L;8,5;12;L;
NORD-OVEST;LOMBARDIA;MI;3015146;C1AA; ;F205;MILANO;D;D21;MI00000328;6;Uffici;OTTIMO;P;1800;2300;L;8;9,5;L;
NORD-OVEST;LOMBARDIA;MI;3015146;C1AA; ;F205;MILANO;D;D21;MI00000328;18;Uffici strutturati;OTTIMO;P;2000;2550;L;10,6;13,2;L;
NORD-OVEST;LOMBARDIA;MI;3015146;C1AA; ;F205;MILANO;D;D21;MI00000328;8;Capannoni industriali;OTTIMO;P;850;1100;L;4,6;6,2;L;
NORD-OVEST;LOMBARDIA;MI;3015146;C1AA; ;F205;MILANO;D;D21;MI00000328;7;Capannoni tipici;OTTIMO;P;900;1150;L;4,8;6,2;L;
NORD-OVEST;LOMBARDIA;MI;3015146;C1AA; ;F205;MILANO;D;D21;MI00000328;10;Laboratori;NORMALE;P;750;1000;L;4,2;6;L;
NORD-OVEST;LOMBARDIA;MI;3015146;C1AA; ;F205;MILANO;D;D22;MI00000329;20;Abitazioni civili;SCADENTE; ;1600;1900;L;5;6;L;
NORD-OVEST;LOMBARDIA;MI;3015146;C1AA; ;F205;MILANO;D;D22;MI00000329;20;Abitazioni civili;OTTIMO; ;2600;3600;L;8,5;12;L;
NORD-OVEST;LOMBARDIA;MI;3015146;C1AA; ;F205;MILANO;D;D22;MI00000329;20;Abitazioni civili;NORMALE;P;2000;2600;L;6;8;L;
NORD-OVEST;LOMBARDIA;MI;3015146;C1AA; ;F205;MILANO;D;D22;MI00000329;21;Abitazioni di tipo economico;OTTIMO; ;2100;2600;L;8;10;L;
NORD-OVEST;LOMBARDIA;MI;3015146;C1AA; ;F205;MILANO;D;D22;MI00000329;21;Abitazioni di tipo economico;NORMALE;P;1600;2100;L;6,5;8;L;
NORD-OVEST;LOMBARDIA;MI;3015146;C1AA; ;F205;MILANO;D;D22;MI00000329;21;Abitazioni di tipo economico;SCADENTE; ;1400;1600;L;5,5;6;L;
NORD-OVEST;LOMBARDIA;MI;3015146;C1AA; ;F205;MILANO;D;D22;MI00000329;13;Box;NORMALE;P;1400;2100;L;6,5;10;L;
NORD-OVEST;LOMBARDIA;MI;3015146;C1AA; ;F205;MILANO;D;D22;MI00000329;9;Magazzini;NORMALE;P;450;650;L;2,5;3,8;L;
NORD-OVEST;LOMBARDIA;MI;3015146;C1AA; ;F205;MILANO;D;D22;MI00000329;5;Negozi;NORMALE;P;1700;2450;L;8;11,7;L;
NORD-OVEST;LOMBARDIA;MI;3015146;C1AA; ;F205;MILANO;D;D22;MI00000329;6;Uffici;OTTIMO;P;1750;2350;L;7;9,1;L;
NORD-OVEST;LOMBARDIA;MI;3015146;C1AA; ;F205;MILANO;D;D22;MI00000329;18;Uffici strutturati;OTTIMO;P;2000;2600;L;10,7;13,7;L;
NORD-OVEST;LOMBARDIA;MI;3015146;C1AA; ;F205;MILANO;D;D22;MI00000329;8;Capannoni industriali;OTTIMO;P;850;1200;L;4,6;6,6;L;
NORD-OVEST;LOMBARDIA;MI;3015146;C1AA; ;F205;MILANO;D;D22;MI00000329;7;Capannoni tipici;OTTIMO;P;900;1250;L;4,8;7;L;
NORD-OVEST;LOMBARDIA;MI;3015146;C1AA; ;F205;MILANO;D;D22;MI00000329;10;Laboratori;NORMALE;P;700;1000;L;4;5,8;L;
NORD-OVEST;LOMBARDIA;MI;3015146;C1AA; ;F205;MILANO;D;D23;MI00000330;20;Abitazioni civili;SCADENTE; ;1800;2200;L;7;8,5;L;
NORD-OVEST;LOMBARDIA;MI;3015146;C1AA; ;F205;MILANO;D;D23;MI00000330;20;Abitazioni civili;OTTIMO; ;2800;3700;L;11;15;L;
NORD-OVEST;LOMBARDIA;MI;3015146;C1AA; ;F205;MILANO;D;D23;MI00000330;20;Abitazioni civili;NORMALE;P;2250;2800;L;8,5;11;L;
NORD-OVEST;LOMBARDIA;MI;3015146;C1AA; ;F205;MILANO;D;D23;MI00000330;21;Abitazioni di tipo economico;OTTIMO; ;2250;2700;L;7,5;10;L;
NORD-OVEST;LOMBARDIA;MI;3015146;C1AA; ;F205;MILANO;D;D23;MI00000330;21;Abitazioni di tipo economico;NORMALE;P;1750;2250;L;6;8,5;L;
NORD-OVEST;LOMBARDIA;MI;3015146;C1AA; ;F205;MILANO;D;D23;MI00000330;21;Abitazioni di tipo economico;SCADENTE; ;1400;1750;L;5;6,5;L;
NORD-OVEST;LOMBARDIA;MI;3015146;C1AA; ;F205;MILANO;D;D23;MI00000330;13;Box;NORMALE;P;1600;2300;L;7,5;11;L;
NORD-OVEST;LOMBARDIA;MI;3015146;C1AA; ;F205;MILANO;D;D23;MI00000330;9;Magazzini;NORMALE;P;450;650;L;2,5;3,8;L;
NORD-OVEST;LOMBARDIA;MI;3015146;C1AA; ;F205;MILANO;D;D23;MI00000330;5;Negozi;NORMALE;P;1600;2350;L;7,2;10,8;L;
NORD-OVEST;LOMBARDIA;MI;3015146;C1AA; ;F205;MILANO;D;D23;MI00000330;6;Uffici;OTTIMO;P;1900;2400;L;8,3;10,8;L;
NORD-OVEST;LOMBARDIA;MI;3015146;C1AA; ;F205;MILANO;D;D23;MI00000330;18;Uffici strutturati;NORMALE;P;2300;3100;L;12,5;15,5;L;
NORD-OVEST;LOMBARDIA;MI;3015146;C1AA; ;F205;MILANO;D;D23;MI00000330;8;Capannoni industriali;OTTIMO;P;850;1100;L;4,7;6,2;L;
NORD-OVEST;LOMBARDIA;MI;3015146;C1AA; ;F205;MILANO;D;D23;MI00000330;7;Capannoni tipici;OTTIMO;P;900;1100;L;5;6,4;L;
NORD-OVEST;LOMBARDIA;MI;3015146;C1AA; ;F205;MILANO;D;D23;MI00000330;10;Laboratori;NORMALE;P;800;1100;L;4,8;6,5;L;
NORD-OVEST;LOMBARDIA;MI;3015146;C1AA; ;F205;MILANO;D;D24;MI00000331;20;Abitazioni civili;SCADENTE; ;2000;2500;L;8;10;L;
NORD-OVEST;LOMBARDIA;MI;3015146;C1AA; ;F205;MILANO;D;D24;MI00000331;20;Abitazioni civili;OTTIMO; ;3000;3900;L;12;16;L;
NORD-OVEST;LOMBARDIA;MI;3015146;C1AA; ;F205;MILANO;D;D24;MI00000331;20;Abitazioni civili;NORMALE;P;2350;2900;L;9,5;11,5;L;
NORD-OVEST;LOMBARDIA;MI;3015146;C1AA; ;F205;MILANO;D;D24;MI00000331;21;Abitazioni di tipo economico;OTTIMO;P;2600;3200;L;9,5;12;L;
NORD-OVEST;LOMBARDIA;MI;3015146;C1AA; ;F205;MILANO;D;D24;MI00000331;21;Abitazioni di tipo economico;NORMALE; ;2100;2600;L;7,5;9,5;L;
NORD-OVEST;LOMBARDIA;MI;3015146;C1AA; ;F205;MILANO;D;D24;MI00000331;21;Abitazioni di tipo economico;SCADENTE; ;1800;2100;L;6,5;8;L;
NORD-OVEST;LOMBARDIA;MI;3015146;C1AA; ;F205;MILANO;D;D24;MI00000331;13;Box;NORMALE;P;1700;2100;L;7;9,5;L;
NORD-OVEST;LOMBARDIA;MI;3015146;C1AA; ;F205;MILANO;D;D24;MI00000331;9;Magazzini;NORMALE;P;500;700;L;3;4,2;L;
NORD-OVEST;LOMBARDIA;MI;3015146;C1AA; ;F205;MILANO;D;D24;MI00000331;5;Negozi;NORMALE;P;1700;2450;L;7,8;11,2;L;
NORD-OVEST;LOMBARDIA;MI;3015146;C1AA; ;F205;MILANO;D;D24;MI00000331;6;Uffici;OTTIMO;P;1900;2500;L;8,3;10,8;L;
NORD-OVEST;LOMBARDIA;MI;3015146;C1AA; ;F205;MILANO;D;D24;MI00000331;18;Uffici strutturati;NORMALE;P;2100;3200;L;11,7;16,2;L;
NORD-OVEST;LOMBARDIA;MI;3015146;C1AA; ;F205;MILANO;D;D24;MI00000331;8;Capannoni industriali;OTTIMO;P;850;1000;L;4,8;5,6;L;
NORD-OVEST;LOMBARDIA;MI;3015146;C1AA; ;F205;MILANO;D;D24;MI00000331;7;Capannoni tipici;OTTIMO;P;900;1000;L;5,4;6,2;L;
NORD-OVEST;LOMBARDIA;MI;3015146;C1AA; ;F205;MILANO;D;D24;MI00000331;10;Laboratori;NORMALE;P;750;1000;L;4,5;6;L;
NORD-OVEST;LOMBARDIA;MI;3015146;C1AA; ;F205;MILANO;D;D25;MI00000332;20;Abitazioni civili;SCADENTE; ;1850;2100;L;6,5;8;L;
NORD-OVEST;LOMBARDIA;MI;3015146;C1AA; ;F205;MILANO;D;D25;MI00000332;20;Abitazioni civili;OTTIMO; ;2600;3500;L;9;12;L;
NORD-OVEST;LOMBARDIA;MI;3015146;C1AA; ;F205;MILANO;D;D25;MI00000332;20;Abitazioni civili;NORMALE;P;2100;2600;L;7,5;9;L;
NORD-OVEST;LOMBARDIA;MI;3015146;C1AA; ;F205;MILANO;D;D25;MI00000332;21;Abitazioni di tipo economico;OTTIMO; ;2200;2750;L;7,5;9,5;L;
NORD-OVEST;LOMBARDIA;MI;3015146;C1AA; ;F205;MILANO;D;D25;MI00000332;21;Abitazioni di tipo economico;NORMALE;P;1750;2200;L;6;7,5;L;
NORD-OVEST;LOMBARDIA;MI;3015146;C1AA; ;F205;MILANO;D;D25;MI00000332;21;Abitazioni di tipo economico;SCADENTE; ;1450;1750;L;5;6,5;L;
NORD-OVEST;LOMBARDIA;MI;3015146;C1AA; ;F205;MILANO;D;D25;MI00000332;13;Box;NORMALE;P;1450;2200;L;6;9;L;
NORD-OVEST;LOMBARDIA;MI;3015146;C1AA; ;F205;MILANO;D;D25;MI00000332;9;Magazzini;NORMALE;P;400;600;L;2,4;3,6;L;
NORD-OVEST;LOMBARDIA;MI;3015146;C1AA; ;F205;MILANO;D;D25;MI00000332;5;Negozi;NORMALE;P;1400;2050;L;7,2;10,2;L;
NORD-OVEST;LOMBARDIA;MI;3015146;C1AA; ;F205;MILANO;D;D25;MI00000332;6;Uffici;OTTIMO;P;1700;2300;L;6,7;8,7;L;
NORD-OVEST;LOMBARDIA;MI;3015146;C1AA; ;F205;MILANO;D;D25;MI00000332;18;Uffici strutturati;NORMALE;P;1900;2700;L;10,5;14;L;
NORD-OVEST;LOMBARDIA;MI;3015146;C1AA; ;F205;MILANO;D;D25;MI00000332;8;Capannoni industriali;OTTIMO;P;750;1000;L;4,2;5,6;L;
NORD-OVEST;LOMBARDIA;MI;3015146;C1AA; ;F205;MILANO;D;D25;MI00000332;7;Capannoni tipici;OTTIMO;P;800;1050;L;4,2;5,8;L;
NORD-OVEST;LOMBARDIA;MI;3015146;C1AA; ;F205;MILANO;D;D25;MI00000332;10;Laboratori;NORMALE;P;650;950;L;3,8;5,6;L;
NORD-OVEST;LOMBARDIA;MI;3015146;C1AA; ;F205;MILANO;D;D26;MI00000333;20;Abitazioni civili;SCADENTE; ;1850;1900;L;6,5;7,5;L;
NORD-OVEST;LOMBARDIA;MI;3015146;C1AA; ;F205;MILANO;D;D26;MI00000333;20;Abitazioni civili;OTTIMO; ;2600;3200;L;9,5;12;L;
NORD-OVEST;LOMBARDIA;MI;3015146;C1AA; ;F205;MILANO;D;D26;MI00000333;20;Abitazioni civili;NORMALE;P;1900;2400;L;7,5;9;L;
NORD-OVEST;LOMBARDIA;MI;3015146;C1AA; ;F205;MILANO;D;D26;MI00000333;21;Abitazioni di tipo economico;OTTIMO; ;2000;2400;L;7,5;8,5;L;
NORD-OVEST;LOMBARDIA;MI;3015146;C1AA; ;F205;MILANO;D;D26;MI00000333;21;Abitazioni di tipo economico;NORMALE;P;1500;2000;L;5,5;7;L;
NORD-OVEST;LOMBARDIA;MI;3015146;C1AA; ;F205;MILANO;D;D26;MI00000333;21;Abitazioni di tipo economico;SCADENTE; ;1450;1500;L;5;5,5;L;
NORD-OVEST;LOMBARDIA;MI;3015146;C1AA; ;F205;MILANO;D;D26;MI00000333;13;Box;NORMALE;P;1150;1550;L;5;6,5;L;
NORD-OVEST;LOMBARDIA;MI;3015146;C1AA; ;F205;MILANO;D;D26;MI00000333;9;Magazzini;NORMALE;P;400;550;L;2,4;3,2;L;
NORD-OVEST;LOMBARDIA;MI;3015146;C1AA; ;F205;MILANO;D;D26;MI00000333;5;Negozi;NORMALE;P;1300;1700;L;5,3;7,1;L;
NORD-OVEST;LOMBARDIA;MI;3015146;C1AA; ;F205;MILANO;D;D26;MI00000333;6;Uffici;OTTIMO;P;1500;1850;L;6;7,2;L;
NORD-OVEST;LOMBARDIA;MI;3015146;C1AA; ;F205;MILANO;D;D26;MI00000333;18;Uffici strutturati;OTTIMO;P;1700;2500;L;9,2;13,8;L;
NORD-OVEST;LOMBARDIA;MI;3015146;C1AA; ;F205;MILANO;D;D26;MI00000333;8;Capannoni industriali;OTTIMO;P;750;900;L;4;5;L;
NORD-OVEST;LOMBARDIA;MI;3015146;C1AA; ;F205;MILANO;D;D26;MI00000333;7;Capannoni tipici;OTTIMO;P;800;950;L;4,4;4,4;L;
NORD-OVEST;LOMBARDIA;MI;3015146;C1AA; ;F205;MILANO;D;D26;MI00000333;10;Laboratori;NORMALE;P;700;950;L;4,2;5,6;L;
NORD-OVEST;LOMBARDIA;MI;3015146;C1AA; ;F205;MILANO;D;D27;MI00000334;20;Abitazioni civili;SCADENTE; ;1850;2300;L;6,5;8;L;
NORD-OVEST;LOMBARDIA;MI;3015146;C1AA; ;F205;MILANO;D;D27;MI00000334;20;Abitazioni civili;OTTIMO; ;2500;3700;L;9;13;L;
NORD-OVEST;LOMBARDIA;MI;3015146;C1AA; ;F205;MILANO;D;D27;MI00000334;20;Abitazioni civili;NORMALE;P;2400;2900;L;8;10,5;L;
NORD-OVEST;LOMBARDIA;MI;3015146;C1AA; ;F205;MILANO;D;D27;MI00000334;21;Abitazioni di tipo economico;OTTIMO; ;2300;3000;L;7,5;9,5;L;
NORD-OVEST;LOMBARDIA;MI;3015146;C1AA; ;F205;MILANO;D;D27;MI00000334;21;Abitazioni di tipo economico;NORMALE;P;1800;2300;L;6;8,5;L;
NORD-OVEST;LOMBARDIA;MI;3015146;C1AA; ;F205;MILANO;D;D27;MI00000334;21;Abitazioni di tipo economico;SCADENTE; ;1550;1800;L;5;6;L;
NORD-OVEST;LOMBARDIA;MI;3015146;C1AA; ;F205;MILANO;D;D27;MI00000334;13;Box;NORMALE;P;1550;2200;L;6;8,5;L;
NORD-OVEST;LOMBARDIA;MI;3015146;C1AA; ;F205;MILANO;D;D27;MI00000334;9;Magazzini;NORMALE;P;400;600;L;2,2;3,4;L;
NORD-OVEST;LOMBARDIA;MI;3015146;C1AA; ;F205;MILANO;D;D27;MI00000334;5;Negozi;NORMALE;P;1750;2500;L;7,5;11;L;
NORD-OVEST;LOMBARDIA;MI;3015146;C1AA; ;F205;MILANO;D;D27;MI00000334;6;Uffici;OTTIMO;P;1800;2600;L;7,8;10,8;L;
NORD-OVEST;LOMBARDIA;MI;3015146;C1AA; ;F205;MILANO;D;D27;MI00000334;18;Uffici strutturati;NORMALE;P;2050;2900;L;10,8;14,8;L;
NORD-OVEST;LOMBARDIA;MI;3015146;C1AA; ;F205;MILANO;D;D27;MI00000334;8;Capannoni industriali;OTTIMO;P;750;950;L;4;5,2;L;
NORD-OVEST;LOMBARDIA;MI;3015146;C1AA; ;F205;MILANO;D;D27;MI00000334;7;Capannoni tipici;OTTIMO;P;800;1000;L;4,6;5,8;L;
NORD-OVEST;LOMBARDIA;MI;3015146;C1AA; ;F205;MILANO;D;D27;MI00000334;10;Laboratori;NORMALE;P;800;1150;L;4,6;6,8;L;
NORD-OVEST;LOMBARDIA;MI;3015146;C1AA; ;F205;MILANO;D;D28;MI00000335;20;Abitazioni civili;NORMALE;P;2700;3600;L;8,5;10,5;L;
NORD-OVEST;LOMBARDIA;MI;3015146;C1AA; ;F205;MILANO;D;D28;MI00000335;20;Abitazioni civili;SCADENTE; ;2200;2550;L;6,5;8;L;
NORD-OVEST;LOMBARDIA;MI;3015146;C1AA; ;F205;MILANO;D;D28;MI00000335;20;Abitazioni civili;OTTIMO; ;3700;4800;L;11;15;L;
NORD-OVEST;LOMBARDIA;MI;3015146;C1AA; ;F205;MILANO;D;D28;MI00000335;21;Abitazioni di tipo economico;SCADENTE; ;1650;2000;L;5,5;6,5;L;
NORD-OVEST;LOMBARDIA;MI;3015146;C1AA; ;F205;MILANO;D;D28;MI00000335;21;Abitazioni di tipo economico;OTTIMO; ;2850;3400;L;8,5;11;L;
NORD-OVEST;LOMBARDIA;MI;3015146;C1AA; ;F205;MILANO;D;D28;MI00000335;21;Abitazioni di tipo economico;NORMALE;P;2200;2850;L;7;9,5;L;
NORD-OVEST;LOMBARDIA;MI;3015146;C1AA; ;F205;MILANO;D;D28;MI00000335;13;Box;NORMALE;P;1700;2400;L;6;8,5;L;
NORD-OVEST;LOMBARDIA;MI;3015146;C1AA; ;F205;MILANO;D;D28;MI00000335;1;Ville e Villini;SCADENTE; ;1750;2500;L;6;9;L;
NORD-OVEST;LOMBARDIA;MI;3015146;C1AA; ;F205;MILANO;D;D28;MI00000335;1;Ville e Villini;NORMALE;P;3200;3900;L;11;13,5;L;
NORD-OVEST;LOMBARDIA;MI;3015146;C1AA; ;F205;MILANO;D;D28;MI00000335;1;Ville e Villini;OTTIMO; ;3900;4900;L;12,5;17;L;
NORD-OVEST;LOMBARDIA;MI;3015146;C1AA; ;F205;MILANO;D;D28;MI00000335;9;Magazzini;NORMALE;P;400;600;L;2,2;3,4;L;
NORD-OVEST;LOMBARDIA;MI;3015146;C1AA; ;F205;MILANO;D;D28;MI00000335;5;Negozi;NORMALE;P;1500;1950;L;6;8,3;L;
NORD-OVEST;LOMBARDIA;MI;3015146;C1AA; ;F205;MILANO;D;D28;MI00000335;6;Uffici;OTTIMO;P;1900;2700;L;7,5;10,8;L;
NORD-OVEST;LOMBARDIA;MI;3015146;C1AA; ;F205;MILANO;D;D28;MI00000335;18;Uffici strutturati;NORMALE;P;2200;3300;L;11,2;16,5;L;
NORD-OVEST;LOMBARDIA;MI;3015146;C1AA; ;F205;MILANO;D;D28;MI00000335;8;Capannoni industriali;OTTIMO;P;750;950;L;4;5,2;L;
NORD-OVEST;LOMBARDIA;MI;3015146;C1AA; ;F205;MILANO;D;D28;MI00000335;7;Capannoni tipici;OTTIMO;P;750;1000;L;4,2;5,6;L;
NORD-OVEST;LOMBARDIA;MI;3015146;C1AA; ;F205;MILANO;D;D28;MI00000335;10;Laboratori;NORMALE;P;750;1000;L;4,4;6,2;L;
NORD-OVEST;LOMBARDIA;MI;3015146;C1AA; ;F205;MILANO;D;D29;MI00000336;20;Abitazioni civili;NORMALE;P;2200;2700;L;6,5;8,5;L;
NORD-OVEST;LOMBARDIA;MI;3015146;C1AA; ;F205;MILANO;D;D29;MI00000336;20;Abitazioni civili;SCADENTE; ;1700;2000;L;5,5;7;L;
NORD-OVEST;LOMBARDIA;MI;3015146;C1AA; ;F205;MILANO;D;D29;MI00000336;20;Abitazioni civili;OTTIMO; ;2750;3600;L;9;11,5;L;
NORD-OVEST;LOMBARDIA;MI;3015146;C1AA; ;F205;MILANO;D;D29;MI00000336;21;Abitazioni di tipo economico;SCADENTE; ;1400;1700;L;4;5;L;
NORD-OVEST;LOMBARDIA;MI;3015146;C1AA; ;F205;MILANO;D;D29;MI00000336;21;Abitazioni di tipo economico;OTTIMO; ;2350;2700;L;6,5;7,5;L;
NORD-OVEST;LOMBARDIA;MI;3015146;C1AA; ;F205;MILANO;D;D29;MI00000336;21;Abitazioni di tipo economico;NORMALE;P;1850;2250;L;4,5;6;L;
NORD-OVEST;LOMBARDIA;MI;3015146;C1AA; ;F205;MILANO;D;D29;MI00000336;13;Box;NORMALE;P;1400;1950;L;5,5;8;L;
NORD-OVEST;LOMBARDIA;MI;3015146;C1AA; ;F205;MILANO;D;D29;MI00000336;1;Ville e Villini;SCADENTE; ;1700;2000;L;5,5;6,5;L;
NORD-OVEST;LOMBARDIA;MI;3015146;C1AA; ;F205;MILANO;D;D29;MI00000336;1;Ville e Villini;NORMALE;P;2200;2650;L;6;8;L;
NORD-OVEST;LOMBARDIA;MI;3015146;C1AA; ;F205;MILANO;D;D29;MI00000336;1;Ville e Villini;OTTIMO; ;2900;3700;L;9;11;L;
NORD-OVEST;LOMBARDIA;MI;3015146;C1AA; ;F205;MILANO;D;D29;MI00000336;9;Magazzini;NORMALE;P;450;650;L;2,5;3,7;L;
NORD-OVEST;LOMBARDIA;MI;3015146;C1AA; ;F205;MILANO;D;D29;MI00000336;5;Negozi;NORMALE;P;1450;1900;L;5,3;7,3;L;
NORD-OVEST;LOMBARDIA;MI;3015146;C1AA; ;F205;MILANO;D;D29;MI00000336;6;Uffici;OTTIMO;P;1900;2250;L;6;7,3;L;
NORD-OVEST;LOMBARDIA;MI;3015146;C1AA; ;F205;MILANO;D;D29;MI00000336;18;Uffici strutturati;OTTIMO;P;1950;2850;L;10,2;14,2;L;
NORD-OVEST;LOMBARDIA;MI;3015146;C1AA; ;F205;MILANO;D;D29;MI00000336;8;Capannoni industriali;OTTIMO;P;850;1100;L;4,4;5,6;L;
NORD-OVEST;LOMBARDIA;MI;3015146;C1AA; ;F205;MILANO;D;D29;MI00000336;7;Capannoni tipici;OTTIMO;P;850;1050;L;4,8;6,2;L;
NORD-OVEST;LOMBARDIA;MI;3015146;C1AA; ;F205;MILANO;D;D29;MI00000336;10;Laboratori;NORMALE;P;700;950;L;4,3;5,8;L;
NORD-OVEST;LOMBARDIA;MI;3015146;C1AA; ;F205;MILANO;E;E01;MI00000337;20;Abitazioni civili;NORMALE;P;1750;2250;L;5,5;7;L;
NORD-OVEST;LOMBARDIA;MI;3015146;C1AA; ;F205;MILANO;E;E01;MI00000337;20;Abitazioni civili;SCADENTE; ;1450;1700;L;4,5;5,5;L;
NORD-OVEST;LOMBARDIA;MI;3015146;C1AA; ;F205;MILANO;E;E01;MI00000337;20;Abitazioni civili;OTTIMO; ;2400;2900;L;8;9,5;L;
NORD-OVEST;LOMBARDIA;MI;3015146;C1AA; ;F205;MILANO;E;E01;MI00000337;21;Abitazioni di tipo economico;SCADENTE; ;1250;1400;L;4,5;5,5;L;
NORD-OVEST;LOMBARDIA;MI;3015146;C1AA; ;F205;MILANO;E;E01;MI00000337;21;Abitazioni di tipo economico;OTTIMO; ;1850;2300;L;6,5;8;L;
NORD-OVEST;LOMBARDIA;MI;3015146;C1AA; ;F205;MILANO;E;E01;MI00000337;21;Abitazioni di tipo economico;NORMALE;P;1550;1700;L;5,5;6;L;
NORD-OVEST;LOMBARDIA;MI;3015146;C1AA; ;F205;MILANO;E;E01;MI00000337;13;Box;NORMALE;P;1250;1650;L;5;7;L;
NORD-OVEST;LOMBARDIA;MI;3015146;C1AA; ;F205;MILANO;E;E01;MI00000337;1;Ville e Villini;SCADENTE; ;1450;1650;L;4,5;5;L;
NORD-OVEST;LOMBARDIA;MI;3015146;C1AA; ;F205;MILANO;E;E01;MI00000337;1;Ville e Villini;NORMALE;P;1750;2400;L;5;6,5;L;
NORD-OVEST;LOMBARDIA;MI;3015146;C1AA; ;F205;MILANO;E;E01;MI00000337;1;Ville e Villini;OTTIMO; ;2500;3000;L;7;9,5;L;
NORD-OVEST;LOMBARDIA;MI;3015146;C1AA; ;F205;MILANO;E;E01;MI00000337;9;Magazzini;NORMALE;P;400;550;L;2,2;3,2;L;
NORD-OVEST;LOMBARDIA;MI;3015146;C1AA; ;F205;MILANO;E;E01;MI00000337;5;Negozi;NORMALE;P;1400;1900;L;6;8,3;L;
NORD-OVEST;LOMBARDIA;MI;3015146;C1AA; ;F205;MILANO;E;E01;MI00000337;6;Uffici;OTTIMO;P;1500;1700;L;5;6,2;L;
NORD-OVEST;LOMBARDIA;MI;3015146;C1AA; ;F205;MILANO;E;E01;MI00000337;18;Uffici strutturati;OTTIMO;P;1800;2400;L;10;13;L;
NORD-OVEST;LOMBARDIA;MI;3015146;C1AA; ;F205;MILANO;E;E01;MI00000337;8;Capannoni industriali;OTTIMO;P;650;900;L;3,8;5,2;L;
NORD-OVEST;LOMBARDIA;MI;3015146;C1AA; ;F205;MILANO;E;E01;MI00000337;7;Capannoni tipici;OTTIMO;P;650;950;L;3,6;5,2;L;
NORD-OVEST;LOMBARDIA;MI;3015146;C1AA; ;F205;MILANO;E;E01;MI00000337;10;Laboratori;NORMALE;P;600;750;L;4;4,6;L;
NORD-OVEST;LOMBARDIA;MI;3015146;C1AA; ;F205;MILANO;E;E02;MI00000338;20;Abitazioni civili;SCADENTE; ;1700;1850;L;5,5;6,5;L;
NORD-OVEST;LOMBARDIA;MI;3015146;C1AA; ;F205;MILANO;E;E02;MI00000338;20;Abitazioni civili;OTTIMO; ;2550;3300;L;8;10,5;L;
NORD-OVEST;LOMBARDIA;MI;3015146;C1AA; ;F205;MILANO;E;E02;MI00000338;20;Abitazioni civili;NORMALE;P;1950;2550;L;6;8;L;
NORD-OVEST;LOMBARDIA;MI;3015146;C1AA; ;F205;MILANO;E;E02;MI00000338;21;Abitazioni di tipo economico;OTTIMO; ;1900;2500;L;6,5;9,5;L;
NORD-OVEST;LOMBARDIA;MI;3015146;C1AA; ;F205;MILANO;E;E02;MI00000338;21;Abitazioni di tipo economico;NORMALE;P;1450;1900;L;5;6,5;L;
NORD-OVEST;LOMBARDIA;MI;3015146;C1AA; ;F205;MILANO;E;E02;MI00000338;21;Abitazioni di tipo economico;SCADENTE; ;1250;1400;L;4,5;5;L;
NORD-OVEST;LOMBARDIA;MI;3015146;C1AA; ;F205;MILANO;E;E02;MI00000338;13;Box;NORMALE;P;1400;1800;L;6;7,5;L;
NORD-OVEST;LOMBARDIA;MI;3015146;C1AA; ;F205;MILANO;E;E02;MI00000338;9;Magazzini;NORMALE;P;450;550;L;2,5;3,3;L;
NORD-OVEST;LOMBARDIA;MI;3015146;C1AA; ;F205;MILANO;E;E02;MI00000338;5;Negozi;NORMALE;P;1200;1800;L;6,5;9,5;L;
NORD-OVEST;LOMBARDIA;MI;3015146;C1AA; ;F205;MILANO;E;E02;MI00000338;6;Uffici;OTTIMO;P;1500;2100;L;6;8;L;
NORD-OVEST;LOMBARDIA;MI;3015146;C1AA; ;F205;MILANO;E;E02;MI00000338;18;Uffici strutturati;OTTIMO;P;1800;2600;L;9,8;13,8;L;
NORD-OVEST;LOMBARDIA;MI;3015146;C1AA; ;F205;MILANO;E;E02;MI00000338;8;Capannoni industriali;OTTIMO;P;750;1050;L;4,2;6;L;
NORD-OVEST;LOMBARDIA;MI;3015146;C1AA; ;F205;MILANO;E;E02;MI00000338;7;Capannoni tipici;OTTIMO;P;750;1050;L;4;6;L;
NORD-OVEST;LOMBARDIA;MI;3015146;C1AA; ;F205;MILANO;E;E02;MI00000338;10;Laboratori;NORMALE;P;650;800;L;3,8;5;L;
NORD-OVEST;LOMBARDIA;MI;3015146;C1AA; ;F205;MILANO;E;E03;MI00000339;20;Abitazioni civili;SCADENTE; ;1300;1650;L;5,5;7;L;
NORD-OVEST;LOMBARDIA;MI;3015146;C1AA; ;F205;MILANO;E;E03;MI00000339;20;Abitazioni civili;OTTIMO; ;2350;3100;L;10;13;L;
NORD-OVEST;LOMBARDIA;MI;3015146;C1AA; ;F205;MILANO;E;E03;MI00000339;20;Abitazioni civili;NORMALE;P;1600;2050;L;7;8,5;L;
NORD-OVEST;LOMBARDIA;MI;3015146;C1AA; ;F205;MILANO;E;E03;MI00000339;21;Abitazioni di tipo economico;OTTIMO; ;1700;2100;L;7;9;L;
NORD-OVEST;LOMBARDIA;MI;3015146;C1AA; ;F205;MILANO;E;E03;MI00000339;21;Abitazioni di tipo economico;NORMALE;P;1350;1550;L;6;6,5;L;
NORD-OVEST;LOMBARDIA;MI;3015146;C1AA; ;F205;MILANO;E;E03;MI00000339;21;Abitazioni di tipo economico;SCADENTE; ;1200;1350;L;5;6;L;
NORD-OVEST;LOMBARDIA;MI;3015146;C1AA; ;F205;MILANO;E;E03;MI00000339;13;Box;NORMALE;P;1300;1750;L;5,5;7,5;L;
NORD-OVEST;LOMBARDIA;MI;3015146;C1AA; ;F205;MILANO;E;E03;MI00000339;9;Magazzini;NORMALE;P;400;550;L;2,4;3,2;L;
NORD-OVEST;LOMBARDIA;MI;3015146;C1AA; ;F205;MILANO;E;E03;MI00000339;5;Negozi;NORMALE;P;1300;1650;L;5,3;7,3;L;
NORD-OVEST;LOMBARDIA;MI;3015146;C1AA; ;F205;MILANO;E;E03;MI00000339;6;Uffici;OTTIMO;P;1500;1900;L;6,3;7,8;L;
NORD-OVEST;LOMBARDIA;MI;3015146;C1AA; ;F205;MILANO;E;E03;MI00000339;18;Uffici strutturati;NORMALE;P;1700;2300;L;9;12,5;L;
NORD-OVEST;LOMBARDIA;MI;3015146;C1AA; ;F205;MILANO;E;E03;MI00000339;8;Capannoni industriali;OTTIMO;P;750;950;L;4,2;5,4;L;
NORD-OVEST;LOMBARDIA;MI;3015146;C1AA; ;F205;MILANO;E;E03;MI00000339;7;Capannoni tipici;OTTIMO;P;800;1050;L;4,4;5,8;L;
NORD-OVEST;LOMBARDIA;MI;3015146;C1AA; ;F205;MILANO;E;E03;MI00000339;10;Laboratori;NORMALE;P;500;700;L;3;4,4;L;
NORD-OVEST;LOMBARDIA;MI;3015146;C1AA; ;F205;MILANO;E;E04;MI00000340;20;Abitazioni civili;SCADENTE; ;1250;1450;L;4;4,5;L;
NORD-OVEST;LOMBARDIA;MI;3015146;C1AA; ;F205;MILANO;E;E04;MI00000340;20;Abitazioni civili;OTTIMO; ;2100;2800;L;6,5;9;L;
NORD-OVEST;LOMBARDIA;MI;3015146;C1AA; ;F205;MILANO;E;E04;MI00000340;20;Abitazioni civili;NORMALE;P;1550;1800;L;5;5,5;L;
NORD-OVEST;LOMBARDIA;MI;3015146;C1AA; ;F205;MILANO;E;E04;MI00000340;21;Abitazioni di tipo economico;OTTIMO; ;1650;2400;L;5;7,5;L;
NORD-OVEST;LOMBARDIA;MI;3015146;C1AA; ;F205;MILANO;E;E04;MI00000340;21;Abitazioni di tipo economico;NORMALE;P;1350;1550;L;4;5;L;
NORD-OVEST;LOMBARDIA;MI;3015146;C1AA; ;F205;MILANO;E;E04;MI00000340;21;Abitazioni di tipo economico;SCADENTE; ;960;1250;L;3;4;L;
NORD-OVEST;LOMBARDIA;MI;3015146;C1AA; ;F205;MILANO;E;E04;MI00000340;13;Box;NORMALE;P;960;1300;L;4;5,5;L;
NORD-OVEST;LOMBARDIA;MI;3015146;C1AA; ;F205;MILANO;E;E04;MI00000340;9;Magazzini;NORMALE;P;400;600;L;2,2;3,4;L;
NORD-OVEST;LOMBARDIA;MI;3015146;C1AA; ;F205;MILANO;E;E04;MI00000340;5;Negozi;NORMALE;P;1000;1450;L;4;6;L;
NORD-OVEST;LOMBARDIA;MI;3015146;C1AA; ;F205;MILANO;E;E04;MI00000340;6;Uffici;OTTIMO;P;1300;1600;L;6,5;8;L;
NORD-OVEST;LOMBARDIA;MI;3015146;C1AA; ;F205;MILANO;E;E04;MI00000340;18;Uffici strutturati;NORMALE;P;1550;2050;L;8,5;11;L;
NORD-OVEST;LOMBARDIA;MI;3015146;C1AA; ;F205;MILANO;E;E04;MI00000340;8;Capannoni industriali;OTTIMO;P;700;850;L;4;4,8;L;
NORD-OVEST;LOMBARDIA;MI;3015146;C1AA; ;F205;MILANO;E;E04;MI00000340;7;Capannoni tipici;OTTIMO;P;750;950;L;4;5,2;L;
NORD-OVEST;LOMBARDIA;MI;3015146;C1AA; ;F205;MILANO;E;E04;MI00000340;10;Laboratori;NORMALE;P;700;850;L;4;5;L;
