Quotazioni Immobiliari : Valori di Mercato - Semestre 2021/2 - elaborazione del 07-APR-23
Area_territoriale;Regione;Prov;Comune_ISTAT;Comune_cat;Sez;Comune_amm;Comune_descrizione;Fascia;Zona;LinkZona;Cod_Tip;Descr_Tipologia;Stato;Stato_prev;Compr_min;Compr_max;Sup_NL_compr;Loc_min;Loc_max;Sup_NL_loc;
NORD-OVEST;LOMBARDIA;MI;3015146;C1AA; ;F205;MILANO;B;B12;MI00003228;20;Abitazioni civili;NORMALE;P;7200;8800;L;23;27;L;
NORD-OVEST;LOMBARDIA;MI;3015146;C1AA; ;F205;MILANO;B;B12;MI00003228;20;Abitazioni civili;OTTIMO; ;8900;12700;L;28,3;37,8;L;
NORD-OVEST;LOMBARDIA;MI;3015146;C1AA; ;F205;MILANO;B;B12;MI00003228;21;Abitazioni di tipo economico;OTTIMO; ;7800;9000;L;23;28;L;
NORD-OVEST;LOMBARDIA;MI;3015146;C1AA; ;F205;MILANO;B;B12;MI00003228;21;Abitazioni di tipo economico;NORMALE;P;6700;7700;L;17,5;22,5;L;
NORD-OVEST;LOMBARDIA;MI;3015146;C1AA; ;F205;MILANO;B;B12;MI00003228;19;Abitazioni signorili;OTTIMO;P;11000;15000;L;35,5;48,3;L;
NORD-OVEST;LOMBARDIA;MI;3015146;C1AA; ;F205;MILANO;B;B12;MI00003228;13;Box;NORMALE;P;4700;6600;L;14,5;21,5;L;
NORD-OVEST;LOMBARDIA;MI;3015146;C1AA; ;F205;MILANO;B;B12;MI00003228;9;Magazzini;NORMALE;P;2350;3200;L;11,5;16;L;
NORD-OVEST;LOMBARDIA;MI;3015146;C1AA; ;F205;MILANO;B;B12;MI00003228;5;Negozi;OTTIMO; ;14000;21600;L;85;130;L;
NORD-OVEST;LOMBARDIA;MI;3015146;C1AA; ;F205;MILANO;B;B12;MI00003228;5;Negozi;NORMALE;P;8000;12000;L;42;65;L;
NORD-OVEST;LOMBARDIA;MI;3015146;C1AA; ;F205;MILANO;B;B12;MI00003228;6;Uffici;OTTIMO;P;6600;10000;L;24;43;L;
NORD-OVEST;LOMBARDIA;MI;3015146;C1AA; ;F205;MILANO;B;B12;MI00003228;18;Uffici strutturati;OTTIMO;P;7100;12000;L;32;54;L;
NORD-OVEST;LOMBARDIA;MI;3015146;C1AA; ;F205;MILANO;B;B12;MI00003228;10;Laboratori;NORMALE;P;2800;3300;L;15;20,5;L;
NORD-OVEST;LOMBARDIA;MI;3015146;C1AA; ;F205;MILANO;B;B13;MI00003232;20;Abitazioni civili;OTTIMO; ;6800;8400;L;20;28;L;
NORD-OVEST;LOMBARDIA;MI;3015146;C1AA; ;F205;MILANO;B;B13;MI00003232;20;Abitazioni civili;NORMALE;P;5400;6700;L;16;20;L;
NORD-OVEST;LOMBARDIA;MI;3015146;C1AA; ;F205;MILANO;B;B13;MI00003232;21;Abitazioni di tipo economico;OTTIMO; ;5100;6400;L;16,1;20,2;L;
NORD-OVEST;LOMBARDIA;MI;3015146;C1AA; ;F205;MILANO;B;B13;MI00003232;21;Abitazioni di tipo economico;NORMALE;P;4100;5000;L;12,5;16;L;
NORD-OVEST;LOMBARDIA;MI;3015146;C1AA; ;F205;MILANO;B;B13;MI00003232;19;Abitazioni signorili;OTTIMO;P;7700;9500;L;22,7;29;L;
NORD-OVEST;LOMBARDIA;MI;3015146;C1AA; ;F205;MILANO;B;B13;MI00003232;13;Box;NORMALE;P;3200;4400;L;10,5;15,5;L;
NORD-OVEST;LOMBARDIA;MI;3015146;C1AA; ;F205;MILANO;B;B13;MI00003232;9;Magazzini;NORMALE;P;1500;2200;L;9;13;L;
NORD-OVEST;LOMBARDIA;MI;3015146;C1AA; ;F205;MILANO;B;B13;MI00003232;5;Negozi;OTTIMO; ;5400;7500;L;30;41;L;
NORD-OVEST;LOMBARDIA;MI;3015146;C1AA; ;F205;MILANO;B;B13;MI00003232;5;Negozi;NORMALE;P;4200;5300;L;21;30;L;
NORD-OVEST;LOMBARDIA;MI;3015146;C1AA; ;F205;MILANO;B;B13;MI00003232;6;Uffici;OTTIMO;P;4000;6000;L;17,5;25,8;L;
NORD-OVEST;LOMBARDIA;MI;3015146;C1AA; ;F205;MILANO;B;B13;MI00003232;18;Uffici strutturati;OTTIMO;P;4400;6400;L;20,6;30;L;
NORD-OVEST;LOMBARDIA;MI;3015146;C1AA; ;F205;MILANO;B;B13;MI00003232;10;Laboratori;NORMALE;P;2100;2500;L;11,7;14,7;L;
NORD-OVEST;LOMBARDIA;MI;3015146;C1AA; ;F205;MILANO;B;B15;MI00003544;20;Abitazioni civili;OTTIMO; ;9000;12000;L;22,5;33;L;
NORD-OVEST;LOMBARDIA;MI;3015146;C1AA; ;F205;MILANO;B;B15;MI00003544;20;Abitazioni civili;NORMALE;P;7500;8900;L;18;22,4;L;
NORD-OVEST;LOMBARDIA;MI;3015146;C1AA; ;F205;MILANO;B;B15;MI00003544;21;Abitazioni di tipo economico;NORMALE;P;6500;7100;L;16;18,5;L;
NORD-OVEST;LOMBARDIA;MI;3015146;C1AA; ;F205;MILANO;B;B15;MI00003544;21;Abitazioni di tipo economico;OTTIMO; ;7200;8500;L;18,6;22;L;
NORD-OVEST;LOMBARDIA;MI;3015146;C1AA; ;F205;MILANO;B;B15;MI00003544;19;Abitazioni signorili;OTTIMO;P;11500;14400;L;29;40;L;
NORD-OVEST;LOMBARDIA;MI;3015146;C1AA; ;F205;MILANO;B;B15;MI00003544;13;Box;NORMALE;P;3500;5200;L;11,3;16,5;L;
NORD-OVEST;LOMBARDIA;MI;3015146;C1AA; ;F205;MILANO;B;B15;MI00003544;9;Magazzini;NORMALE;P;1300;2000;L;6,8;10,5;L;
NORD-OVEST;LOMBARDIA;MI;3015146;C1AA; ;F205;MILANO;B;B15;MI00003544;5;Negozi;OTTIMO; ;6700;8800;L;30;43,7;L;
NORD-OVEST;LOMBARDIA;MI;3015146;C1AA; ;F205;MILANO;B;B15;MI00003544;5;Negozi;NORMALE;P;4500;6600;L;20;28,4;L;
NORD-OVEST;LOMBARDIA;MI;3015146;C1AA; ;F205;MILANO;B;B15;MI00003544;6;Uffici;OTTIMO;P;4100;6000;L;19;28,5;L;
NORD-OVEST;LOMBARDIA;MI;3015146;C1AA; ;F205;MILANO;B;B15;MI00003544;18;Uffici strutturati;OTTIMO;P;4700;6700;L;21,6;32;L;
NORD-OVEST;LOMBARDIA;MI;3015146;C1AA; ;F205;MILANO;B;B15;MI00003544;10;Laboratori;NORMALE;P;2400;3000;L;11;14;L;
NORD-OVEST;LOMBARDIA;MI;3015146;C1AA; ;F205;MILANO;B;B16;MI00003545;20;Abitazioni civili;OTTIMO; ;7800;9700;L;22;28,3;L;
NORD-OVEST;LOMBARDIA;MI;3015146;C1AA; ;F205;MILANO;B;B16;MI00003545;20;Abitazioni civili;NORMALE;P;6400;7800;L;17,5;21,5;L;
NORD-OVEST;LOMBARDIA;MI;3015146;C1AA; ;F205;MILANO;B;B16;MI00003545;21;Abitazioni di tipo economico;OTTIMO; ;6300;7700;L;18;22;L;
NORD-OVEST;LOMBARDIA;MI;3015146;C1AA; ;F205;MILANO;B;B16;MI00003545;21;Abitazioni di tipo economico;NORMALE;P;5800;6200;L;15;18;L;
NORD-OVEST;LOMBARDIA;MI;3015146;C1AA; ;F205;MILANO;B;B16;MI00003545;19;Abitazioni signorili;OTTIMO;P;8500;11200;L;25;34;L;
NORD-OVEST;LOMBARDIA;MI;3015146;C1AA; ;F205;MILANO;B;B16;MI00003545;13;Box;NORMALE;P;3600;5100;L;12,5;17;L;
NORD-OVEST;LOMBARDIA;MI;3015146;C1AA; ;F205;MILANO;B;B16;MI00003545;9;Magazzini;NORMALE;P;1300;1900;L;8;12;L;
NORD-OVEST;LOMBARDIA;MI;3015146;C1AA; ;F205;MILANO;B;B16;MI00003545;5;Negozi;OTTIMO; ;5500;8000;L;27,5;41,7;L;
NORD-OVEST;LOMBARDIA;MI;3015146;C1AA; ;F205;MILANO;B;B16;MI00003545;5;Negozi;NORMALE;P;4000;5500;L;19;26,8;L;
NORD-OVEST;LOMBARDIA;MI;3015146;C1AA; ;F205;MILANO;B;B16;MI00003545;6;Uffici;OTTIMO;P;4300;6200;L;17,7;26;L;
NORD-OVEST;LOMBARDIA;MI;3015146;C1AA; ;F205;MILANO;B;B16;MI00003545;18;Uffici strutturati;OTTIMO;P;4800;6600;L;20,4;27,5;L;
NORD-OVEST;LOMBARDIA;MI;3015146;C1AA; ;F205;MILANO;B;B16;MI00003545;10;Laboratori;NORMALE;P;2300;2900;L;12;15;L;
NORD-OVEST;LOMBARDIA;MI;3015146;C1AA; ;F205;MILANO;B;B17;MI00004767;20;Abitazioni civili;OTTIMO; ;5900;8400;L;17,6;25,5;L;
NORD-OVEST;LOMBARDIA;MI;3015146;C1AA; ;F205;MILANO;B;B17;MI00004767;20;Abitazioni civili;NORMALE;P;4000;5800;L;13;17,5;L;
NORD-OVEST;LOMBARDIA;MI;3015146;C1AA; ;F205;MILANO;B;B17;MI00004767;21;Abitazioni di tipo economico;NORMALE;P;3400;4200;L;9,5;12,5;L;
NORD-OVEST;LOMBARDIA;MI;3015146;C1AA; ;F205;MILANO;B;B17;MI00004767;21;Abitazioni di tipo economico;OTTIMO; ;4300;5900;L;12,6;18,5;L;
NORD-OVEST;LOMBARDIA;MI;3015146;C1AA; ;F205;MILANO;B;B17;MI00004767;19;Abitazioni signorili;OTTIMO;P;7600;10500;L;21;27;L;
NORD-OVEST;LOMBARDIA;MI;3015146;C1AA; ;F205;MILANO;B;B17;MI00004767;13;Box;NORMALE;P;2400;3400;L;9,5;14;L;
NORD-OVEST;LOMBARDIA;MI;3015146;C1AA; ;F205;MILANO;B;B17;MI00004767;9;Magazzini;NORMALE;P;900;1200;L;4,8;6,4;L;
NORD-OVEST;LOMBARDIA;MI;3015146;C1AA; ;F205;MILANO;B;B17;MI00004767;5;Negozi;OTTIMO; ;4900;7500;L;25,5;41;L;
NORD-OVEST;LOMBARDIA;MI;3015146;C1AA; ;F205;MILANO;B;B17;MI00004767;5;Negozi;NORMALE;P;3300;4800;L;17,5;25;L;
NORD-OVEST;LOMBARDIA;MI;3015146;C1AA; ;F205;MILANO;B;B17;MI00004767;6;Uffici;OTTIMO;P;3700;5800;L;16;25;L;
NORD-OVEST;LOMBARDIA;MI;3015146;C1AA; ;F205;MILANO;B;B17;MI00004767;18;Uffici strutturati;OTTIMO;P;4400;6400;L;21;32;L;
NORD-OVEST;LOMBARDIA;MI;3015146;C1AA; ;F205;MILANO;B;B17;MI00004767;10;Laboratori;NORMALE;P;1500;2000;L;7,5;10;L;
NORD-OVEST;LOMBARDIA;MI;3015146;C1AA; ;F205;MILANO;B;B18;MI00004768;20;Abitazioni civili;OTTIMO; ;6800;10000;L;21;30;L;
NORD-OVEST;LOMBARDIA;MI;3015146;C1AA; ;F205;MILANO;B;B18;MI00004768;20;Abitazioni civili;NORMALE;P;5000;6700;L;15;20;L;
NORD-OVEST;LOMBARDIA;MI;3015146;C1AA; ;F205;MILANO;B;B18;MI00004768;21;Abitazioni di tipo economico;NORMALE; ;3700;4800;L;11,5;15,5;L;
NORD-OVEST;LOMBARDIA;MI;3015146;C1AA; ;F205;MILANO;B;B18;MI00004768;21;Abitazioni di tipo economico;OTTIMO;P;4800;6000;L;15,6;21;L;
NORD-OVEST;LOMBARDIA;MI;3015146;C1AA; ;F205;MILANO;B;B18;MI00004768;13;Box;NORMALE;P;2900;4300;L;10;14;L;
NORD-OVEST;LOMBARDIA;MI;3015146;C1AA; ;F205;MILANO;B;B18;MI00004768;9;Magazzini;NORMALE;P;1100;1500;L;6;7,3;L;
NORD-OVEST;LOMBARDIA;MI;3015146;C1AA; ;F205;MILANO;B;B18;MI00004768;5;Negozi;OTTIMO; ;5900;9000;L;29;47;L;
NORD-OVEST;LOMBARDIA;MI;3015146;C1AA; ;F205;MILANO;B;B18;MI00004768;5;Negozi;NORMALE;P;4200;5800;L;16,5;28;L;
NORD-OVEST;LOMBARDIA;MI;3015146;C1AA; ;F205;MILANO;B;B18;MI00004768;6;Uffici;OTTIMO;P;4400;6500;L;19;27,5;L;
NORD-OVEST;LOMBARDIA;MI;3015146;C1AA; ;F205;MILANO;B;B18;MI00004768;18;Uffici strutturati;OTTIMO;P;4800;6700;L;24,5;34;L;
NORD-OVEST;LOMBARDIA;MI;3015146;C1AA; ;F205;MILANO;B;B18;MI00004768;10;Laboratori;NORMALE;P;1950;2550;L;9,8;12,7;L;
NORD-OVEST;LOMBARDIA;MI;3015146;C1AA; ;F205;MILANO;B;B19;MI00004769;20;Abitazioni civili;OTTIMO; ;7100;9300;L;19,8;25,4;L;
NORD-OVEST;LOMBARDIA;MI;3015146;C1AA; ;F205;MILANO;B;B19;MI00004769;20;Abitazioni civili;NORMALE;P;5300;7000;L;15;19,8;L;
NORD-OVEST;LOMBARDIA;MI;3015146;C1AA; ;F205;MILANO;B;B19;MI00004769;21;Abitazioni di tipo economico;NORMALE;P;4000;4600;L;12;14,5;L;
NORD-OVEST;LOMBARDIA;MI;3015146;C1AA; ;F205;MILANO;B;B19;MI00004769;21;Abitazioni di tipo economico;OTTIMO; ;4700;6400;L;14,5;19;L;
NORD-OVEST;LOMBARDIA;MI;3015146;C1AA; ;F205;MILANO;B;B19;MI00004769;19;Abitazioni signorili;OTTIMO;P;8000;10500;L;20,5;28;L;
NORD-OVEST;LOMBARDIA;MI;3015146;C1AA; ;F205;MILANO;B;B19;MI00004769;13;Box;NORMALE;P;2900;4600;L;11;17,5;L;
NORD-OVEST;LOMBARDIA;MI;3015146;C1AA; ;F205;MILANO;B;B19;MI00004769;9;Magazzini;NORMALE;P;1050;1350;L;5;7;L;
NORD-OVEST;LOMBARDIA;MI;3015146;C1AA; ;F205;MILANO;B;B19;MI00004769;5;Negozi;OTTIMO;P;5100;6800;L;25;41;L;
NORD-OVEST;LOMBARDIA;MI;3015146;C1AA; ;F205;MILANO;B;B19;MI00004769;5;Negozi;NORMALE; ;3300;5000;L;16;24,9;L;
NORD-OVEST;LOMBARDIA;MI;3015146;C1AA; ;F205;MILANO;B;B19;MI00004769;6;Uffici;OTTIMO;P;4400;6300;L;17;28;L;
NORD-OVEST;LOMBARDIA;MI;3015146;C1AA; ;F205;MILANO;B;B19;MI00004769;18;Uffici strutturati;OTTIMO;P;4900;6700;L;23;32;L;
NORD-OVEST;LOMBARDIA;MI;3015146;C1AA; ;F205;MILANO;B;B19;MI00004769;10;Laboratori;NORMALE;P;1400;2100;L;8,7;12,5;L;
NORD-OVEST;LOMBARDIA;MI;3015146;C1AA; ;F205;MILANO;B;B20;MI00004770;20;Abitazioni civili;OTTIMO; ;5700;7500;L;18;24,8;L;
NORD-OVEST;LOMBARDIA;MI;3015146;C1AA; ;F205;MILANO;B;B20;MI00004770;20;Abitazioni civili;NORMALE;P;4500;5600;L;14,1;17,5;L;
NORD-OVEST;LOMBARDIA;MI;3015146;C1AA; ;F205;MILANO;B;B20;MI00004770;21;Abitazioni di tipo economico;NORMALE;P;3800;4500;L;11,4;13,2;L;
NORD-OVEST;LOMBARDIA;MI;3015146;C1AA; ;F205;MILANO;B;B20;MI00004770;21;Abitazioni di tipo economico;OTTIMO; ;4600;5600;L;13,3;18;L;
NORD-OVEST;LOMBARDIA;MI;3015146;C1AA; ;F205;MILANO;B;B20;MI00004770;13;Box;NORMALE;P;2550;3500;L;11;15,4;L;
NORD-OVEST;LOMBARDIA;MI;3015146;C1AA; ;F205;MILANO;B;B20;MI00004770;9;Magazzini;NORMALE;P;800;1000;L;4;5;L;
NORD-OVEST;LOMBARDIA;MI;3015146;C1AA; ;F205;MILANO;B;B20;MI00004770;5;Negozi;OTTIMO; ;3800;5800;L;20;34,5;L;
NORD-OVEST;LOMBARDIA;MI;3015146;C1AA; ;F205;MILANO;B;B20;MI00004770;5;Negozi;NORMALE;P;2600;3700;L;14,5;19,8;L;
NORD-OVEST;LOMBARDIA;MI;3015146;C1AA; ;F205;MILANO;B;B20;MI00004770;6;Uffici;OTTIMO;P;2900;4400;L;12,2;18,5;L;
NORD-OVEST;LOMBARDIA;MI;3015146;C1AA; ;F205;MILANO;B;B20;MI00004770;18;Uffici strutturati;OTTIMO;P;3100;4900;L;14,5;23;L;
NORD-OVEST;LOMBARDIA;MI;3015146;C1AA; ;F205;MILANO;B;B20;MI00004770;10;Laboratori;NORMALE;P;1100;1800;L;5,8;9;L;
NORD-OVEST;LOMBARDIA;MI;3015146;C1AA; ;F205;MILANO;B;B21;MI00004771;20;Abitazioni civili;OTTIMO; ;5600;7600;L;15;22,2;L;
NORD-OVEST;LOMBARDIA;MI;3015146;C1AA; ;F205;MILANO;B;B21;MI00004771;20;Abitazioni civili;NORMALE;P;4200;5500;L;11,5;14,7;L;
NORD-OVEST;LOMBARDIA;MI;3015146;C1AA; ;F205;MILANO;B;B21;MI00004771;21;Abitazioni di tipo economico;OTTIMO; ;4300;5200;L;12,5;15;L;
NORD-OVEST;LOMBARDIA;MI;3015146;C1AA; ;F205;MILANO;B;B21;MI00004771;21;Abitazioni di tipo economico;NORMALE;P;3200;4100;L;9,7;12,4;L;
NORD-OVEST;LOMBARDIA;MI;3015146;C1AA; ;F205;MILANO;B;B21;MI00004771;13;Box;NORMALE;P;2050;3200;L;8,2;13;L;
NORD-OVEST;LOMBARDIA;MI;3015146;C1AA; ;F205;MILANO;B;B21;MI00004771;9;Magazzini;NORMALE;P;650;900;L;3,5;5;L;
NORD-OVEST;LOMBARDIA;MI;3015146;C1AA; ;F205;MILANO;B;B21;MI00004771;5;Negozi;OTTIMO; ;3800;5700;L;21;31,5;L;
NORD-OVEST;LOMBARDIA;MI;3015146;C1AA; ;F205;MILANO;B;B21;MI00004771;5;Negozi;NORMALE;P;2500;3700;L;14;21;L;
NORD-OVEST;LOMBARDIA;MI;3015146;C1AA; ;F205;MILANO;B;B21;MI00004771;6;Uffici;OTTIMO;P;2900;4300;L;12,8;18,9;L;
NORD-OVEST;LOMBARDIA;MI;3015146;C1AA; ;F205;MILANO;B;B21;MI00004771;18;Uffici strutturati;OTTIMO;P;3400;5000;L;17,2;26;L;
NORD-OVEST;LOMBARDIA;MI;3015146;C1AA; ;F205;MILANO;B;B21;MI00004771;10;Laboratori;NORMALE;P;1250;1700;L;6,8;9;L;
NORD-OVEST;LOMBARDIA;MI;3015146;C1AA; ;F205;MILANO;C;C12;MI00000307;20;Abitazioni civili;NORMALE;P;4200;5500;L;13;18,9;L;
NORD-OVEST;LOMBARDIA;MI;3015146;C1AA; ;F205;MILANO;C;C12;MI00000307;20;Abitazioni civili;OTTIMO; ;5600;7100;L;19;24;L;
NORD-OVEST;LOMBARDIA;MI;3015146;C1AA; ;F205;MILANO;C;C12;MI00000307;21;Abitazioni di tipo economico;OTTIMO; ;4000;5400;L;13;19;L;
NORD-OVEST;LOMBARDIA;MI;3015146;C1AA; ;F205;MILANO;C;C12;MI00000307;21;Abitazioni di tipo economico;NORMALE;P;2900;3900;L;9,5;12,9;L;
NORD-OVEST;LOMBARDIA;MI;3015146;C1AA; ;F205;MILANO;C;C12;MI00000307;13;Box;NORMALE;P;2400;3400;L;8,5;13,5;L;
NORD-OVEST;LOMBARDIA;MI;3015146;C1AA; ;F205;MILANO;C;C12;MI00000307;9;Magazzini;NORMALE;P;700;1150;L;3,6;6;L;
NORD-OVEST;LOMBARDIA;MI;3015146;C1AA; ;F205;MILANO;C;C12;MI00000307;5;Negozi;NORMALE; ;2800;4300;L;13,6;19,5;L;
NORD-OVEST;LOMBARDIA;MI;3015146;C1AA; ;F205;MILANO;C;C12;MI00000307;5;Negozi;OTTIMO;P;5100;8200;L;29,4;45;L;
NORD-OVEST;LOMBARDIA;MI;3015146;C1AA; ;F205;MILANO;C;C12;MI00000307;6;Uffici;OTTIMO;P;3200;4500;L;14;21;L;
NORD-OVEST;LOMBARDIA;MI;3015146;C1AA; ;F205;MILANO;C;C12;MI00000307;18;Uffici strutturati;OTTIMO;P;3800;5300;L;19,5;27;L;
NORD-OVEST;LOMBARDIA;MI;3015146;C1AA; ;F205;MILANO;C;C12;MI00000307;8;Capannoni industriali;NORMALE;P;900;1100;L;5;7;L;
NORD-OVEST;LOMBARDIA;MI;3015146;C1AA; ;F205;MILANO;C;C12;MI00000307;7;Capannoni tipici;NORMALE;P;950;1200;L;5;7;L;
NORD-OVEST;LOMBARDIA;MI;3015146;C1AA; ;F205;MILANO;C;C12;MI00000307;10;Laboratori;NORMALE;P;1350;1850;L;7;9,5;L;
NORD-OVEST;LOMBARDIA;MI;3015146;C1AA; ;F205;MILANO;C;C13;MI00003667;20;Abitazioni civili;OTTIMO;P;7600;10000;L;21;32;L;
NORD-OVEST;LOMBARDIA;MI;3015146;C1AA; ;F205;MILANO;C;C13;MI00003667;19;Abitazioni signorili;OTTIMO;P;9100;11000;L;32;37,5;L;
NORD-OVEST;LOMBARDIA;MI;3015146;C1AA; ;F205;MILANO;C;C13;MI00003667;13;Box;NORMALE;P;2200;3000;L;9;12,5;L;
NORD-OVEST;LOMBARDIA;MI;3015146;C1AA; ;F205;MILANO;C;C14;MI00003668;20;Abitazioni civili;NORMALE; ;3500;5500;L;12;19;L;
NORD-OVEST;LOMBARDIA;MI;3015146;C1AA; ;F205;MILANO;C;C14;MI00003668;20;Abitazioni civili;OTTIMO;P;8200;12500;L;25;36,5;L;
NORD-OVEST;LOMBARDIA;MI;3015146;C1AA; ;F205;MILANO;C;C14;MI00003668;19;Abitazioni signorili;OTTIMO;P;11700;15000;L;37;46,9;L;
NORD-OVEST;LOMBARDIA;MI;3015146;C1AA; ;F205;MILANO;C;C14;MI00003668;13;Box;NORMALE;P;2300;3200;L;8;11,5;L;
NORD-OVEST;LOMBARDIA;MI;3015146;C1AA; ;F205;MILANO;C;C14;MI00003668;18;Uffici strutturati;OTTIMO;P;6400;8000;L;28;37;L;
NORD-OVEST;LOMBARDIA;MI;3015146;C1AA; ;F205;MILANO;C;C15;MI00003669;20;Abitazioni civili;OTTIMO; ;4600;5600;L;14,5;18;L;
NORD-OVEST;LOMBARDIA;MI;3015146;C1AA; ;F205;MILANO;C;C15;MI00003669;20;Abitazioni civili;NORMALE;P;3200;4500;L;10;14,4;L;
NORD-OVEST;LOMBARDIA;MI;3015146;C1AA; ;F205;MILANO;C;C15;MI00003669;21;Abitazioni di tipo economico;OTTIMO; ;2600;3600;L;7,3;10,2;L;
NORD-OVEST;LOMBARDIA;MI;3015146;C1AA; ;F205;MILANO;C;C15;MI00003669;21;Abitazioni di tipo economico;NORMALE;P;1900;2500;L;6;7,2;L;
NORD-OVEST;LOMBARDIA;MI;3015146;C1AA; ;F205;MILANO;C;C15;MI00003669;13;Box;NORMALE;P;1500;2300;L;6,3;9,7;L;
NORD-OVEST;LOMBARDIA;MI;3015146;C1AA; ;F205;MILANO;C;C15;MI00003669;1;Ville e Villini;NORMALE;P;3200;4600;L;10,1;14,4;L;
NORD-OVEST;LOMBARDIA;MI;3015146;C1AA; ;F205;MILANO;C;C15;MI00003669;1;Ville e Villini;OTTIMO; ;4700;5700;L;14,6;18;L;
NORD-OVEST;LOMBARDIA;MI;3015146;C1AA; ;F205;MILANO;C;C15;MI00003669;9;Magazzini;NORMALE;P;750;900;L;3,5;4,7;L;
NORD-OVEST;LOMBARDIA;MI;3015146;C1AA; ;F205;MILANO;C;C15;MI00003669;5;Negozi;OTTIMO; ;2500;3900;L;15,1;24;L;
NORD-OVEST;LOMBARDIA;MI;3015146;C1AA; ;F205;MILANO;C;C15;MI00003669;5;Negozi;NORMALE;P;1800;2450;L;10,9;15;L;
NORD-OVEST;LOMBARDIA;MI;3015146;C1AA; ;F205;MILANO;C;C15;MI00003669;6;Uffici;OTTIMO;P;2000;3100;L;9,8;15,2;L;
NORD-OVEST;LOMBARDIA;MI;3015146;C1AA; ;F205;MILANO;C;C15;MI00003669;18;Uffici strutturati;OTTIMO;P;2700;3800;L;13;19,5;L;
NORD-OVEST;LOMBARDIA;MI;3015146;C1AA; ;F205;MILANO;C;C15;MI00003669;8;Capannoni industriali;NORMALE;P;900;1100;L;5;7;L;
NORD-OVEST;LOMBARDIA;MI;3015146;C1AA; ;F205;MILANO;C;C15;MI00003669;7;Capannoni tipici;NORMALE;P;900;1200;L;5;7;L;
NORD-OVEST;LOMBARDIA;MI;3015146;C1AA; ;F205;MILANO;C;C15;MI00003669;10;Laboratori;NORMALE;P;1100;1300;L;7;9;L;
NORD-OVEST;LOMBARDIA;MI;3015146;C1AA; ;F205;MILANO;C;C16;MI00004772;20;Abitazioni civili;OTTIMO; ;4500;6500;L;11;18;L;
NORD-OVEST;LOMBARDIA;MI;3015146;C1AA; ;F205;MILANO;C;C16;MI00004772;20;Abitazioni civili;NORMALE;P;3200;4300;L;8,3;10,8;L;
NORD-OVEST;LOMBARDIA;MI;3015146;C1AA; ;F205;MILANO;C;C16;MI00004772;21;Abitazioni di tipo economico;OTTIMO; ;2800;3600;L;8,5;11,3;L;
NORD-OVEST;LOMBARDIA;MI;3015146;C1AA; ;F205;MILANO;C;C16;MI00004772;21;Abitazioni di tipo economico;NORMALE;P;2000;2700;L;6,5;8,5;L;
NORD-OVEST;LOMBARDIA;MI;3015146;C1AA; ;F205;MILANO;C;C16;MI00004772;13;Box;NORMALE;P;1850;3000;L;7;12;L;
NORD-OVEST;LOMBARDIA;MI;3015146;C1AA; ;F205;MILANO;C;C16;MI00004772;9;Magazzini;NORMALE;P;700;950;L;4;5,5;L;
NORD-OVEST;LOMBARDIA;MI;3015146;C1AA; ;F205;MILANO;C;C16;MI00004772;5;Negozi;OTTIMO; ;3600;5400;L;21;32;L;
NORD-OVEST;LOMBARDIA;MI;3015146;C1AA; ;F205;MILANO;C;C16;MI00004772;5;Negozi;NORMALE;P;1900;3500;L;11;20;L;
NORD-OVEST;LOMBARDIA;MI;3015146;C1AA; ;F205;MILANO;C;C16;MI00004772;6;Uffici;OTTIMO;P;2100;3500;L;9,5;16;L;
NORD-OVEST;LOMBARDIA;MI;3015146;C1AA; ;F205;MILANO;C;C16;MI00004772;18;Uffici strutturati;OTTIMO;P;2600;4100;L;13,5;21;L;
NORD-OVEST;LOMBARDIA;MI;3015146;C1AA; ;F205;MILANO;C;C16;MI00004772;8;Capannoni industriali;NORMALE;P;800;1000;L;4,5;5,5;L;
NORD-OVEST;LOMBARDIA;MI;3015146;C1AA; ;F205;MILANO;C;C16;MI00004772;7;Capannoni tipici;NORMALE;P;850;1050;L;5;6;L;
NORD-OVEST;LOMBARDIA;MI;3015146;C1AA; ;F205;MILANO;C;C16;MI00004772;10;Laboratori;NORMALE;P;1100;1600;L;5,5;8;L;
NORD-OVEST;LOMBARDIA;MI;3015146;C1AA; ;F205;MILANO;C;C17;MI00004773;20;Abitazioni civili;NORMALE;P;3800;4600;L;11;13,4;L;
NORD-OVEST;LOMBARDIA;MI;3015146;C1AA; ;F205;MILANO;C;C17;MI00004773;20;Abitazioni civili;OTTIMO; ;4700;7200;L;13,5;20,5;L;
NORD-OVEST;LOMBARDIA;MI;3015146;C1AA; ;F205;MILANO;C;C17;MI00004773;21;Abitazioni di tipo economico;OTTIMO; ;3800;4500;L;11,5;13,2;L;
NORD-OVEST;LOMBARDIA;MI;3015146;C1AA; ;F205;MILANO;C;C17;MI00004773;21;Abitazioni di tipo economico;NORMALE;P;2700;3700;L;8,5;11,4;L;
NORD-OVEST;LOMBARDIA;MI;3015146;C1AA; ;F205;MILANO;C;C17;MI00004773;19;Abitazioni signorili;OTTIMO;P;5700;7600;L;19;26;L;
NORD-OVEST;LOMBARDIA;MI;3015146;C1AA; ;F205;MILANO;C;C17;MI00004773;13;Box;NORMALE;P;2200;3200;L;6,7;11;L;
NORD-OVEST;LOMBARDIA;MI;3015146;C1AA; ;F205;MILANO;C;C17;MI00004773;1;Ville e Villini;OTTIMO;P;6100;7300;L;20,5;25;L;
NORD-OVEST;LOMBARDIA;MI;3015146;C1AA; ;F205;MILANO;C;C17;MI00004773;9;Magazzini;NORMALE;P;700;850;L;3,5;4,4;L;
NORD-OVEST;LOMBARDIA;MI;3015146;C1AA; ;F205;MILANO;C;C17;MI00004773;5;Negozi;OTTIMO; ;3600;5200;L;20,1;30,3;L;
NORD-OVEST;LOMBARDIA;MI;3015146;C1AA; ;F205;MILANO;C;C17;MI00004773;5;Negozi;NORMALE;P;2500;3500;L;12,6;20;L;
NORD-OVEST;LOMBARDIA;MI;3015146;C1AA; ;F205;MILANO;C;C17;MI00004773;6;Uffici;OTTIMO;P;2400;3800;L;12;17,2;L;
NORD-OVEST;LOMBARDIA;MI;3015146;C1AA; ;F205;MILANO;C;C17;MI00004773;18;Uffici strutturati;OTTIMO;P;2900;4400;L;14;21,3;L;
NORD-OVEST;LOMBARDIA;MI;3015146;C1AA; ;F205;MILANO;C;C17;MI00004773;8;Capannoni industriali;NORMALE;P;800;950;L;4,5;6;L;
NORD-OVEST;LOMBARDIA;MI;3015146;C1AA; ;F205;MILANO;C;C17;MI00004773;7;Capannoni tipici;NORMALE;P;900;1100;L;4,7;6,7;L;
NORD-OVEST;LOMBARDIA;MI;3015146;C1AA; ;F205;MILANO;C;C17;MI00004773;10;Laboratori;NORMALE;P;950;1400;L;5,5;8,3;L;
NORD-OVEST;LOMBARDIA;MI;3015146;C1AA; ;F205;MILANO;C;C18;MI00004774;20;Abitazioni civili;OTTIMO; ;4400;6500;L;13;18,7;L;
NORD-OVEST;LOMBARDIA;MI;3015146;C1AA; ;F205;MILANO;C;C18;MI00004774;20;Abitazioni civili;NORMALE;P;3000;4300;L;8,8;12,8;L;
NORD-OVEST;LOMBARDIA;MI;3015146;C1AA; ;F205;MILANO;C;C18;MI00004774;21;Abitazioni di tipo economico;OTTIMO; ;3300;3600;L;9,3;11;L;
NORD-OVEST;LOMBARDIA;MI;3015146;C1AA; ;F205;MILANO;C;C18;MI00004774;21;Abitazioni di tipo economico;NORMALE;P;2500;3200;L;7,5;9,2;L;
NORD-OVEST;LOMBARDIA;MI;3015146;C1AA; ;F205;MILANO;C;C18;MI00004774;13;Box;NORMALE;P;1900;3000;L;7,5;12;L;
NORD-OVEST;LOMBARDIA;MI;3015146;C1AA; ;F205;MILANO;C;C18;MI00004774;9;Magazzini;NORMALE;P;650;850;L;3,5;4,5;L;
NORD-OVEST;LOMBARDIA;MI;3015146;C1AA; ;F205;MILANO;C;C18;MI00004774;5;Negozi;OTTIMO;P;3900;5500;L;20;31;L;
NORD-OVEST;LOMBARDIA;MI;3015146;C1AA; ;F205;MILANO;C;C18;MI00004774;5;Negozi;NORMALE; ;2400;3300;L;10,7;19,4;L;
NORD-OVEST;LOMBARDIA;MI;3015146;C1AA; ;F205;MILANO;C;C18;MI00004774;6;Uffici;OTTIMO;P;1900;2900;L;8,3;13;L;
NORD-OVEST;LOMBARDIA;MI;3015146;C1AA; ;F205;MILANO;C;C18;MI00004774;18;Uffici strutturati;OTTIMO;P;2100;3300;L;10,5;17;L;
NORD-OVEST;LOMBARDIA;MI;3015146;C1AA; ;F205;MILANO;C;C18;MI00004774;8;Capannoni industriali;NORMALE;P;700;900;L;4,5;5,8;L;
NORD-OVEST;LOMBARDIA;MI;3015146;C1AA; ;F205;MILANO;C;C18;MI00004774;7;Capannoni tipici;NORMALE;P;800;1000;L;4,8;6,2;L;
NORD-OVEST;LOMBARDIA;MI;3015146;C1AA; ;F205;MILANO;C;C18;MI00004774;10;Laboratori;NORMALE;P;850;1400;L;5;8,6;L;
NORD-OVEST;LOMBARDIA;MI;3015146;C1AA; ;F205;MILANO;C;C19;MI00004775;20;Abitazioni civili;OTTIMO; ;4500;6400;L;12,3;19,2;L;
NORD-OVEST;LOMBARDIA;MI;3015146;C1AA; ;F205;MILANO;C;C19;MI00004775;20;Abitazioni civili;NORMALE;P;3400;4400;L;10,2;12;L;
NORD-OVEST;LOMBARDIA;MI;3015146;C1AA; ;F205;MILANO;C;C19;MI00004775;21;Abitazioni di tipo economico;NORMALE;P;2300;2900;L;7,6;9,3;L;
NORD-OVEST;LOMBARDIA;MI;3015146;C1AA; ;F205;MILANO;C;C19;MI00004775;21;Abitazioni di tipo economico;OTTIMO; ;3000;3800;L;9,4;11,5;L;
NORD-OVEST;LOMBARDIA;MI;3015146;C1AA; ;F205;MILANO;C;C19;MI00004775;13;Box;NORMALE;P;1700;2500;L;7,5;11;L;
NORD-OVEST;LOMBARDIA;MI;3015146;C1AA; ;F205;MILANO;C;C19;MI00004775;9;Magazzini;NORMALE;P;600;850;L;3,2;4,5;L;
NORD-OVEST;LOMBARDIA;MI;3015146;C1AA; ;F205;MILANO;C;C19;MI00004775;5;Negozi;OTTIMO; ;2800;3700;L;16;21,5;L;
NORD-OVEST;LOMBARDIA;MI;3015146;C1AA; ;F205;MILANO;C;C19;MI00004775;5;Negozi;NORMALE;P;2100;2700;L;11,6;15;L;
NORD-OVEST;LOMBARDIA;MI;3015146;C1AA; ;F205;MILANO;C;C19;MI00004775;6;Uffici;OTTIMO;P;2100;2900;L;10;14;L;
NORD-OVEST;LOMBARDIA;MI;3015146;C1AA; ;F205;MILANO;C;C19;MI00004775;18;Uffici strutturati;OTTIMO;P;2400;3200;L;12;17;L;
NORD-OVEST;LOMBARDIA;MI;3015146;C1AA; ;F205;MILANO;C;C19;MI00004775;8;Capannoni industriali;NORMALE;P;800;950;L;4,7;5,8;L;
NORD-OVEST;LOMBARDIA;MI;3015146;C1AA; ;F205;MILANO;C;C19;MI00004775;7;Capannoni tipici;NORMALE;P;800;1000;L;4,8;6,5;L;
NORD-OVEST;LOMBARDIA;MI;3015146;C1AA; ;F205;MILANO;C;C19;MI00004775;10;Laboratori;NORMALE;P;1050;1400;L;5,8;7,8;L;
NORD-OVEST;LOMBARDIA;MI;3015146;C1AA; ;F205;MILANO;C;C20;MI00004776;20;Abitazioni civili;OTTIMO; ;4700;7600;L;14;22,5;L;
NORD-OVEST;LOMBARDIA;MI;3015146;C1AA; ;F205;MILANO;C;C20;MI00004776;20;Abitazioni civili;NORMALE;P;3400;4600;L;10,7;13,9;L;
NORD-OVEST;LOMBARDIA;MI;3015146;C1AA; ;F205;MILANO;C;C20;MI00004776;21;Abitazioni di tipo economico;OTTIMO; ;3400;4500;L;10,7;13,9;L;
NORD-OVEST;LOMBARDIA;MI;3015146;C1AA; ;F205;MILANO;C;C20;MI00004776;21;Abitazioni di tipo economico;NORMALE;P;2700;3400;L;7;10,6;L;
NORD-OVEST;LOMBARDIA;MI;3015146;C1AA; ;F205;MILANO;C;C20;MI00004776;13;Box;NORMALE;P;2100;3200;L;8,5;13;L;
NORD-OVEST;LOMBARDIA;MI;3015146;C1AA; ;F205;MILANO;C;C20;MI00004776;9;Magazzini;NORMALE;P;550;750;L;2,8;4;L;
NORD-OVEST;LOMBARDIA;MI;3015146;C1AA; ;F205;MILANO;C;C20;MI00004776;5;Negozi;OTTIMO; ;2900;5000;L;14,9;26;L;
NORD-OVEST;LOMBARDIA;MI;3015146;C1AA; ;F205;MILANO;C;C20;MI00004776;5;Negozi;NORMALE;P;2200;2800;L;11,5;14,8;L;
NORD-OVEST;LOMBARDIA;MI;3015146;C1AA; ;F205;MILANO;C;C20;MI00004776;6;Uffici;OTTIMO;P;2800;3900;L;12;17;L;
NORD-OVEST;LOMBARDIA;MI;3015146;C1AA; ;F205;MILANO;C;C20;MI00004776;18;Uffici strutturati;OTTIMO;P;3100;4800;L;14;23;L;
NORD-OVEST;LOMBARDIA;MI;3015146;C1AA; ;F205;MILANO;C;C20;MI00004776;8;Capannoni industriali;NORMALE;P;850;1050;L;5;6,2;L;
NORD-OVEST;LOMBARDIA;MI;3015146;C1AA; ;F205;MILANO;C;C20;MI00004776;7;Capannoni tipici;NORMALE;P;950;1200;L;5,2;6,4;L;
NORD-OVEST;LOMBARDIA;MI;3015146;C1AA; ;F205;MILANO;C;C20;MI00004776;10;Laboratori;NORMALE;P;1050;1600;L;6,1;8,6;L;
NORD-OVEST;LOMBARDIA;MI;3015146;C1AA; ;F205;MILANO;D;D10;MI00000317;20;Abitazioni civili;OTTIMO; ;2850;4000;L;9;12,5;L;
NORD-OVEST;LOMBARDIA;MI;3015146;C1AA; ;F205;MILANO;D;D10;MI00000317;20;Abitazioni civili;NORMALE;P;2000;2800;L;6,2;8,9;L;
NORD-OVEST;LOMBARDIA;MI;3015146;C1AA; ;F205;MILANO;D;D10;MI00000317;21;Abitazioni di tipo economico;NORMALE;P;1600;1800;L;4,8;6;L;
NORD-OVEST;LOMBARDIA;MI;3015146;C1AA; ;F205;MILANO;D;D10;MI00000317;21;Abitazioni di tipo economico;OTTIMO; ;1800;2350;L;6,1;8;L;
NORD-OVEST;LOMBARDIA;MI;3015146;C1AA; ;F205;MILANO;D;D10;MI00000317;13;Box;NORMALE;P;1400;2100;L;4,5;7,5;L;
NORD-OVEST;LOMBARDIA;MI;3015146;C1AA; ;F205;MILANO;D;D10;MI00000317;9;Magazzini;NORMALE;P;400;600;L;2,3;3,4;L;
NORD-OVEST;LOMBARDIA;MI;3015146;C1AA; ;F205;MILANO;D;D10;MI00000317;5;Negozi;NORMALE;P;1400;2250;L;7;11,3;L;
NORD-OVEST;LOMBARDIA;MI;3015146;C1AA; ;F205;MILANO;D;D10;MI00000317;6;Uffici;OTTIMO;P;1300;2200;L;6,5;11;L;
NORD-OVEST;LOMBARDIA;MI;3015146;C1AA; ;F205;MILANO;D;D10;MI00000317;18;Uffici strutturati;OTTIMO;P;1650;2500;L;9,6;14,8;L;
NORD-OVEST;LOMBARDIA;MI;3015146;C1AA; ;F205;MILANO;D;D10;MI00000317;8;Capannoni industriali;OTTIMO;P;700;1000;L;4;5,5;L;
NORD-OVEST;LOMBARDIA;MI;3015146;C1AA; ;F205;MILANO;D;D10;MI00000317;7;Capannoni tipici;OTTIMO;P;750;1000;L;4;5,5;L;
NORD-OVEST;LOMBARDIA;MI;3015146;C1AA; ;F205;MILANO;D;D10;MI00000317;10;Laboratori;NORMALE;P;600;1000;L;3,3;5,7;L;
NORD-OVEST;LOMBARDIA;MI;3015146;C1AA; ;F205;MILANO;D;D12;MI00000319;20;Abitazioni civili;NORMALE;P;2650;3900;L;8,5;11;L;
NORD-OVEST;LOMBARDIA;MI;3015146;C1AA; ;F205;MILANO;D;D12;MI00000319;20;Abitazioni civili;OTTIMO; ;4000;6000;L;11,1;17,5;L;
NORD-OVEST;LOMBARDIA;MI;3015146;C1AA; ;F205;MILANO;D;D12;MI00000319;21;Abitazioni di tipo economico;OTTIMO; ;2400;3200;L;7,4;9,8;L;
NORD-OVEST;LOMBARDIA;MI;3015146;C1AA; ;F205;MILANO;D;D12;MI00000319;21;Abitazioni di tipo economico;NORMALE;P;1850;2350;L;6;7,4;L;
NORD-OVEST;LOMBARDIA;MI;3015146;C1AA; ;F205;MILANO;D;D12;MI00000319;13;Box;NORMALE;P;1800;2800;L;7,2;11,2;L;
NORD-OVEST;LOMBARDIA;MI;3015146;C1AA; ;F205;MILANO;D;D12;MI00000319;1;Ville e Villini;NORMALE;P;2700;4000;L;8,6;11,8;L;
NORD-OVEST;LOMBARDIA;MI;3015146;C1AA; ;F205;MILANO;D;D12;MI00000319;1;Ville e Villini;OTTIMO; ;4100;6100;L;11,9;17,6;L;
NORD-OVEST;LOMBARDIA;MI;3015146;C1AA; ;F205;MILANO;D;D12;MI00000319;9;Magazzini;NORMALE;P;450;600;L;2,5;3,5;L;
NORD-OVEST;LOMBARDIA;MI;3015146;C1AA; ;F205;MILANO;D;D12;MI00000319;5;Negozi;OTTIMO; ;2400;4200;L;13;26;L;
NORD-OVEST;LOMBARDIA;MI;3015146;C1AA; ;F205;MILANO;D;D12;MI00000319;5;Negozi;NORMALE;P;1600;2350;L;8,8;12,5;L;
NORD-OVEST;LOMBARDIA;MI;3015146;C1AA; ;F205;MILANO;D;D12;MI00000319;6;Uffici;OTTIMO;P;1800;3200;L;9;15;L;
NORD-OVEST;LOMBARDIA;MI;3015146;C1AA; ;F205;MILANO;D;D12;MI00000319;18;Uffici strutturati;OTTIMO;P;2300;3700;L;11,5;18,5;L;
NORD-OVEST;LOMBARDIA;MI;3015146;C1AA; ;F205;MILANO;D;D12;MI00000319;8;Capannoni industriali;OTTIMO;P;700;900;L;4,3;5,4;L;
NORD-OVEST;LOMBARDIA;MI;3015146;C1AA; ;F205;MILANO;D;D12;MI00000319;7;Capannoni tipici;OTTIMO;P;700;1000;L;4,3;6;L;
NORD-OVEST;LOMBARDIA;MI;3015146;C1AA; ;F205;MILANO;D;D12;MI00000319;10;Laboratori;NORMALE;P;750;1400;L;3,8;7,4;L;
NORD-OVEST;LOMBARDIA;MI;3015146;C1AA; ;F205;MILANO;D;D13;MI00000320;20;Abitazioni civili;OTTIMO; ;2700;3800;L;8;12,5;L;
NORD-OVEST;LOMBARDIA;MI;3015146;C1AA; ;F205;MILANO;D;D13;MI00000320;20;Abitazioni civili;NORMALE;P;1900;2650;L;6,3;8;L;
NORD-OVEST;LOMBARDIA;MI;3015146;C1AA; ;F205;MILANO;D;D13;MI00000320;21;Abitazioni di tipo economico;OTTIMO; ;1950;2400;L;5,8;7;L;
NORD-OVEST;LOMBARDIA;MI;3015146;C1AA; ;F205;MILANO;D;D13;MI00000320;21;Abitazioni di tipo economico;NORMALE;P;1650;1900;L;4,6;5,5;L;
NORD-OVEST;LOMBARDIA;MI;3015146;C1AA; ;F205;MILANO;D;D13;MI00000320;13;Box;NORMALE;P;1300;1850;L;5,2;7,8;L;
NORD-OVEST;LOMBARDIA;MI;3015146;C1AA; ;F205;MILANO;D;D13;MI00000320;9;Magazzini;NORMALE;P;400;500;L;2;3;L;
NORD-OVEST;LOMBARDIA;MI;3015146;C1AA; ;F205;MILANO;D;D13;MI00000320;5;Negozi;NORMALE;P;1200;2050;L;6,3;11;L;
NORD-OVEST;LOMBARDIA;MI;3015146;C1AA; ;F205;MILANO;D;D13;MI00000320;6;Uffici;OTTIMO;P;1600;2100;L;7,3;11;L;
NORD-OVEST;LOMBARDIA;MI;3015146;C1AA; ;F205;MILANO;D;D13;MI00000320;18;Uffici strutturati;OTTIMO;P;1700;2450;L;8,8;13,8;L;
NORD-OVEST;LOMBARDIA;MI;3015146;C1AA; ;F205;MILANO;D;D13;MI00000320;8;Capannoni industriali;OTTIMO;P;750;900;L;4,4;5;L;
NORD-OVEST;LOMBARDIA;MI;3015146;C1AA; ;F205;MILANO;D;D13;MI00000320;7;Capannoni tipici;OTTIMO;P;800;950;L;4,3;5,3;L;
NORD-OVEST;LOMBARDIA;MI;3015146;C1AA; ;F205;MILANO;D;D13;MI00000320;10;Laboratori;NORMALE;P;700;900;L;3,7;4,8;L;
NORD-OVEST;LOMBARDIA;MI;3015146;C1AA; ;F205;MILANO;D;D15;MI00000322;20;Abitazioni civili;OTTIMO; ;2650;3900;L;8,2;12;L;
NORD-OVEST;LOMBARDIA;MI;3015146;C1AA; ;F205;MILANO;D;D15;MI00000322;20;Abitazioni civili;NORMALE;P;1800;2550;L;6;8,2;L;
NORD-OVEST;LOMBARDIA;MI;3015146;C1AA; ;F205;MILANO;D;D15;MI00000322;21;Abitazioni di tipo economico;OTTIMO; ;1750;2200;L;5,3;7,3;L;
NORD-OVEST;LOMBARDIA;MI;3015146;C1AA; ;F205;MILANO;D;D15;MI00000322;21;Abitazioni di tipo economico;NORMALE;P;1300;1700;L;3,6;5,2;L;
NORD-OVEST;LOMBARDIA;MI;3015146;C1AA; ;F205;MILANO;D;D15;MI00000322;13;Box;NORMALE;P;1350;2000;L;5,2;8,5;L;
NORD-OVEST;LOMBARDIA;MI;3015146;C1AA; ;F205;MILANO;D;D15;MI00000322;9;Magazzini;NORMALE;P;450;600;L;2,5;3,5;L;
NORD-OVEST;LOMBARDIA;MI;3015146;C1AA; ;F205;MILANO;D;D15;MI00000322;5;Negozi;NORMALE;P;1100;1900;L;6,3;12;L;
NORD-OVEST;LOMBARDIA;MI;3015146;C1AA; ;F205;MILANO;D;D15;MI00000322;6;Uffici;OTTIMO;P;1300;1950;L;6,3;9,4;L;
NORD-OVEST;LOMBARDIA;MI;3015146;C1AA; ;F205;MILANO;D;D15;MI00000322;18;Uffici strutturati;OTTIMO;P;1650;2650;L;8,5;13,4;L;
NORD-OVEST;LOMBARDIA;MI;3015146;C1AA; ;F205;MILANO;D;D15;MI00000322;8;Capannoni industriali;OTTIMO;P;650;900;L;3,8;5,2;L;
NORD-OVEST;LOMBARDIA;MI;3015146;C1AA; ;F205;MILANO;D;D15;MI00000322;7;Capannoni tipici;OTTIMO;P;700;950;L;4;5,5;L;
NORD-OVEST;LOMBARDIA;MI;3015146;C1AA; ;F205;MILANO;D;D15;MI00000322;10;Laboratori;NORMALE;P;600;1100;L;3,1;5,7;L;
NORD-OVEST;LOMBARDIA;MI;3015146;C1AA; ;F205;MILANO;D;D16;MI00000323;20;Abitazioni civili;OTTIMO; ;3100;5400;L;9;16;L;
NORD-OVEST;LOMBARDIA;MI;3015146;C1AA; ;F205;MILANO;D;D16;MI00000323;20;Abitazioni civili;NORMALE;P;2300;3000;L;7;9;L;
NORD-OVEST;LOMBARDIA;MI;3015146;C1AA; ;F205;MILANO;D;D16;MI00000323;21;Abitazioni di tipo economico;OTTIMO; ;2200;2600;L;7,1;8,8;L;
NORD-OVEST;LOMBARDIA;MI;3015146;C1AA; ;F205;MILANO;D;D16;MI00000323;21;Abitazioni di tipo economico;NORMALE;P;1500;2100;L;5;7;L;
NORD-OVEST;LOMBARDIA;MI;3015146;C1AA; ;F205;MILANO;D;D16;MI00000323;13;Box;NORMALE;P;1600;2300;L;6,8;10;L;
NORD-OVEST;LOMBARDIA;MI;3015146;C1AA; ;F205;MILANO;D;D16;MI00000323;9;Magazzini;NORMALE;P;400;600;L;2,2;3,4;L;
NORD-OVEST;LOMBARDIA;MI;3015146;C1AA; ;F205;MILANO;D;D16;MI00000323;5;Negozi;NORMALE;P;1450;2550;L;8,4;15;L;
NORD-OVEST;LOMBARDIA;MI;3015146;C1AA; ;F205;MILANO;D;D16;MI00000323;6;Uffici;OTTIMO;P;1400;2400;L;7;12;L;
NORD-OVEST;LOMBARDIA;MI;3015146;C1AA; ;F205;MILANO;D;D16;MI00000323;18;Uffici strutturati;OTTIMO;P;1750;3000;L;8,5;15,5;L;
NORD-OVEST;LOMBARDIA;MI;3015146;C1AA; ;F205;MILANO;D;D16;MI00000323;8;Capannoni industriali;OTTIMO;P;750;950;L;4,4;5,6;L;
NORD-OVEST;LOMBARDIA;MI;3015146;C1AA; ;F205;MILANO;D;D16;MI00000323;7;Capannoni tipici;OTTIMO;P;750;1000;L;4;5,8;L;
NORD-OVEST;LOMBARDIA;MI;3015146;C1AA; ;F205;MILANO;D;D16;MI00000323;10;Laboratori;NORMALE;P;700;1100;L;3,5;6;L;
NORD-OVEST;LOMBARDIA;MI;3015146;C1AA; ;F205;MILANO;D;D18;MI00000325;20;Abitazioni civili;OTTIMO; ;2700;4000;L;8;11,5;L;
NORD-OVEST;LOMBARDIA;MI;3015146;C1AA; ;F205;MILANO;D;D18;MI00000325;20;Abitazioni civili;NORMALE;P;1700;2650;L;5;7,9;L;
NORD-OVEST;LOMBARDIA;MI;3015146;C1AA; ;F205;MILANO;D;D18;MI00000325;21;Abitazioni di tipo economico;OTTIMO; ;1750;2400;L;5;6,5;L;
NORD-OVEST;LOMBARDIA;MI;3015146;C1AA; ;F205;MILANO;D;D18;MI00000325;21;Abitazioni di tipo economico;NORMALE;P;1500;1700;L;4,5;4,9;L;
NORD-OVEST;LOMBARDIA;MI;3015146;C1AA; ;F205;MILANO;D;D18;MI00000325;13;Box;NORMALE;P;1200;1900;L;5;8;L;
NORD-OVEST;LOMBARDIA;MI;3015146;C1AA; ;F205;MILANO;D;D18;MI00000325;9;Magazzini;NORMALE;P;400;600;L;2;3,6;L;
NORD-OVEST;LOMBARDIA;MI;3015146;C1AA; ;F205;MILANO;D;D18;MI00000325;5;Negozi;NORMALE;P;1100;1950;L;6;11;L;
NORD-OVEST;LOMBARDIA;MI;3015146;C1AA; ;F205;MILANO;D;D18;MI00000325;6;Uffici;OTTIMO;P;1200;1850;L;6;10;L;
NORD-OVEST;LOMBARDIA;MI;3015146;C1AA; ;F205;MILANO;D;D18;MI00000325;18;Uffici strutturati;OTTIMO;P;1550;2400;L;8;12,5;L;
NORD-OVEST;LOMBARDIA;MI;3015146;C1AA; ;F205;MILANO;D;D18;MI00000325;8;Capannoni industriali;OTTIMO;P;750;950;L;4,3;6,2;L;
NORD-OVEST;LOMBARDIA;MI;3015146;C1AA; ;F205;MILANO;D;D18;MI00000325;7;Capannoni tipici;OTTIMO;P;850;1100;L;4,5;6;L;
NORD-OVEST;LOMBARDIA;MI;3015146;C1AA; ;F205;MILANO;D;D18;MI00000325;10;Laboratori;NORMALE;P;750;1250;L;4;6,8;L;
NORD-OVEST;LOMBARDIA;MI;3015146;C1AA; ;F205;MILANO;D;D20;MI00000327;20;Abitazioni civili;OTTIMO; ;3200;5000;L;10,3;15,9;L;
NORD-OVEST;LOMBARDIA;MI;3015146;C1AA; ;F205;MILANO;D;D20;MI00000327;20;Abitazioni civili;NORMALE;P;2200;3100;L;6,5;10,2;L;
NORD-OVEST;LOMBARDIA;MI;3015146;C1AA; ;F205;MILANO;D;D20;MI00000327;21;Abitazioni di tipo economico;NORMALE;P;1700;2100;L;5,5;7;L;
NORD-OVEST;LOMBARDIA;MI;3015146;C1AA; ;F205;MILANO;D;D20;MI00000327;21;Abitazioni di tipo economico;OTTIMO; ;2200;2700;L;7,1;9,3;L;
NORD-OVEST;LOMBARDIA;MI;3015146;C1AA; ;F205;MILANO;D;D20;MI00000327;13;Box;NORMALE;P;1300;2000;L;5,8;9;L;
NORD-OVEST;LOMBARDIA;MI;3015146;C1AA; ;F205;MILANO;D;D20;MI00000327;9;Magazzini;NORMALE;P;400;600;L;2,5;3,8;L;
NORD-OVEST;LOMBARDIA;MI;3015146;C1AA; ;F205;MILANO;D;D20;MI00000327;5;Negozi;OTTIMO; ;1600;2500;L;8,7;14;L;
NORD-OVEST;LOMBARDIA;MI;3015146;C1AA; ;F205;MILANO;D;D20;MI00000327;5;Negozi;NORMALE;P;1100;1550;L;6,3;8,7;L;
NORD-OVEST;LOMBARDIA;MI;3015146;C1AA; ;F205;MILANO;D;D20;MI00000327;6;Uffici;OTTIMO;P;1400;2100;L;7,6;11,7;L;
NORD-OVEST;LOMBARDIA;MI;3015146;C1AA; ;F205;MILANO;D;D20;MI00000327;18;Uffici strutturati;OTTIMO;P;1700;2600;L;9,3;14;L;
NORD-OVEST;LOMBARDIA;MI;3015146;C1AA; ;F205;MILANO;D;D20;MI00000327;8;Capannoni industriali;OTTIMO;P;800;950;L;4,5;5,8;L;
NORD-OVEST;LOMBARDIA;MI;3015146;C1AA; ;F205;MILANO;D;D20;MI00000327;7;Capannoni tipici;OTTIMO;P;850;1000;L;4,8;6;L;
NORD-OVEST;LOMBARDIA;MI;3015146;C1AA; ;F205;MILANO;D;D20;MI00000327;10;Laboratori;NORMALE;P;800;1200;L;3,7;6,1;L;
NORD-OVEST;LOMBARDIA;MI;3015146;C1AA; ;F205;MILANO;D;D21;MI00000328;20;Abitazioni civili;OTTIMO; ;2700;4300;L;9,3;14,5;L;
NORD-OVEST;LOMBARDIA;MI;3015146;C1AA; ;F205;MILANO;D;D21;MI00000328;20;Abitazioni civili;NORMALE;P;2000;2600;L;7,2;9,2;L;
NORD-OVEST;LOMBARDIA;MI;3015146;C1AA; ;F205;MILANO;D;D21;MI00000328;21;Abitazioni di tipo economico;OTTIMO; ;2100;2650;L;7,3;9,5;L;
NORD-OVEST;LOMBARDIA;MI;3015146;C1AA; ;F205;MILANO;D;D21;MI00000328;21;Abitazioni di tipo economico;NORMALE;P;1550;2000;L;5,3;7;L;
NORD-OVEST;LOMBARDIA;MI;3015146;C1AA; ;F205;MILANO;D;D21;MI00000328;13;Box;NORMALE;P;1200;1750;L;5;7,8;L;
NORD-OVEST;LOMBARDIA;MI;3015146;C1AA; ;F205;MILANO;D;D21;MI00000328;9;Magazzini;NORMALE;P;400;550;L;2,5;3,5;L;
NORD-OVEST;LOMBARDIA;MI;3015146;C1AA; ;F205;MILANO;D;D21;MI00000328;5;Negozi;OTTIMO; ;2050;3000;L;11,5;18;L;
NORD-OVEST;LOMBARDIA;MI;3015146;C1AA; ;F205;MILANO;D;D21;MI00000328;5;Negozi;NORMALE;P;1150;1950;L;6,5;11;L;
NORD-OVEST;LOMBARDIA;MI;3015146;C1AA; ;F205;MILANO;D;D21;MI00000328;6;Uffici;OTTIMO;P;1500;2100;L;7,5;10,5;L;
NORD-OVEST;LOMBARDIA;MI;3015146;C1AA; ;F205;MILANO;D;D21;MI00000328;18;Uffici strutturati;OTTIMO;P;1900;2500;L;9,5;13;L;
NORD-OVEST;LOMBARDIA;MI;3015146;C1AA; ;F205;MILANO;D;D21;MI00000328;8;Capannoni industriali;OTTIMO;P;800;950;L;4,6;6;L;
NORD-OVEST;LOMBARDIA;MI;3015146;C1AA; ;F205;MILANO;D;D21;MI00000328;7;Capannoni tipici;OTTIMO;P;800;950;L;4,8;6;L;
NORD-OVEST;LOMBARDIA;MI;3015146;C1AA; ;F205;MILANO;D;D21;MI00000328;10;Laboratori;NORMALE;P;800;1250;L;4,5;7;L;
NORD-OVEST;LOMBARDIA;MI;3015146;C1AA; ;F205;MILANO;D;D24;MI00000331;20;Abitazioni civili;OTTIMO; ;3000;5000;L;10;15;L;
NORD-OVEST;LOMBARDIA;MI;3015146;C1AA; ;F205;MILANO;D;D24;MI00000331;20;Abitazioni civili;NORMALE;P;2000;2900;L;7;9,9;L;
NORD-OVEST;LOMBARDIA;MI;3015146;C1AA; ;F205;MILANO;D;D24;MI00000331;21;Abitazioni di tipo economico;OTTIMO;P;2200;2950;L;7,3;10;L;
NORD-OVEST;LOMBARDIA;MI;3015146;C1AA; ;F205;MILANO;D;D24;MI00000331;21;Abitazioni di tipo economico;NORMALE; ;1700;2100;L;5,2;7,2;L;
NORD-OVEST;LOMBARDIA;MI;3015146;C1AA; ;F205;MILANO;D;D24;MI00000331;13;Box;NORMALE;P;1600;2500;L;5,5;8,5;L;
NORD-OVEST;LOMBARDIA;MI;3015146;C1AA; ;F205;MILANO;D;D24;MI00000331;9;Magazzini;NORMALE;P;450;650;L;2,5;3,5;L;
NORD-OVEST;LOMBARDIA;MI;3015146;C1AA; ;F205;MILANO;D;D24;MI00000331;5;Negozi;OTTIMO; ;2150;3200;L;12,8;19;L;
NORD-OVEST;LOMBARDIA;MI;3015146;C1AA; ;F205;MILANO;D;D24;MI00000331;5;Negozi;NORMALE;P;1200;2150;L;7,1;12,7;L;
NORD-OVEST;LOMBARDIA;MI;3015146;C1AA; ;F205;MILANO;D;D24;MI00000331;6;Uffici;OTTIMO;P;1600;2700;L;7,7;13;L;
NORD-OVEST;LOMBARDIA;MI;3015146;C1AA; ;F205;MILANO;D;D24;MI00000331;18;Uffici strutturati;OTTIMO;P;1950;3200;L;10;16,7;L;
NORD-OVEST;LOMBARDIA;MI;3015146;C1AA; ;F205;MILANO;D;D24;MI00000331;8;Capannoni industriali;OTTIMO;P;650;850;L;3,8;5;L;
NORD-OVEST;LOMBARDIA;MI;3015146;C1AA; ;F205;MILANO;D;D24;MI00000331;7;Capannoni tipici;OTTIMO;P;650;900;L;4;5,5;L;
NORD-OVEST;LOMBARDIA;MI;3015146;C1AA; ;F205;MILANO;D;D24;MI00000331;10;Laboratori;NORMALE;P;700;1250;L;3,8;7;L;
NORD-OVEST;LOMBARDIA;MI;3015146;C1AA; ;F205;MILANO;D;D25;MI00000332;20;Abitazioni civili;OTTIMO; ;2700;3700;L;8,8;12,5;L;
NORD-OVEST;LOMBARDIA;MI;3015146;C1AA; ;F205;MILANO;D;D25;MI00000332;20;Abitazioni civili;NORMALE;P;1800;2600;L;6,1;8,7;L;
NORD-OVEST;LOMBARDIA;MI;3015146;C1AA; ;F205;MILANO;D;D25;MI00000332;21;Abitazioni di tipo economico;OTTIMO; ;1700;2350;L;6,1;8,3;L;
NORD-OVEST;LOMBARDIA;MI;3015146;C1AA; ;F205;MILANO;D;D25;MI00000332;21;Abitazioni di tipo economico;NORMALE;P;1450;1650;L;4,7;5,8;L;
NORD-OVEST;LOMBARDIA;MI;3015146;C1AA; ;F205;MILANO;D;D25;MI00000332;13;Box;NORMALE;P;1200;1800;L;5;7,7;L;
NORD-OVEST;LOMBARDIA;MI;3015146;C1AA; ;F205;MILANO;D;D25;MI00000332;9;Magazzini;NORMALE;P;350;500;L;2;2,8;L;
NORD-OVEST;LOMBARDIA;MI;3015146;C1AA; ;F205;MILANO;D;D25;MI00000332;5;Negozi;OTTIMO; ;1700;2400;L;10;14;L;
NORD-OVEST;LOMBARDIA;MI;3015146;C1AA; ;F205;MILANO;D;D25;MI00000332;5;Negozi;NORMALE;P;1000;1700;L;5,5;9,9;L;
NORD-OVEST;LOMBARDIA;MI;3015146;C1AA; ;F205;MILANO;D;D25;MI00000332;6;Uffici;OTTIMO;P;1350;1750;L;6,5;8,5;L;
NORD-OVEST;LOMBARDIA;MI;3015146;C1AA; ;F205;MILANO;D;D25;MI00000332;18;Uffici strutturati;OTTIMO;P;1950;2600;L;10;13,5;L;
NORD-OVEST;LOMBARDIA;MI;3015146;C1AA; ;F205;MILANO;D;D25;MI00000332;8;Capannoni industriali;OTTIMO;P;750;900;L;4,2;5,6;L;
NORD-OVEST;LOMBARDIA;MI;3015146;C1AA; ;F205;MILANO;D;D25;MI00000332;7;Capannoni tipici;OTTIMO;P;850;950;L;4,2;5,8;L;
NORD-OVEST;LOMBARDIA;MI;3015146;C1AA; ;F205;MILANO;D;D25;MI00000332;10;Laboratori;NORMALE;P;550;700;L;3,2;4,5;L;
NORD-OVEST;LOMBARDIA;MI;3015146;C1AA; ;F205;MILANO;D;D28;MI00000335;20;Abitazioni civili;OTTIMO; ;3500;4500;L;11,2;15,3;L;
NORD-OVEST;LOMBARDIA;MI;3015146;C1AA; ;F205;MILANO;D;D28;MI00000335;20;Abitazioni civili;NORMALE;P;2400;3400;L;7,7;11;L;
NORD-OVEST;LOMBARDIA;MI;3015146;C1AA; ;F205;MILANO;D;D28;MI00000335;21;Abitazioni di tipo economico;NORMALE;P;2100;2400;L;6,7;8;L;
NORD-OVEST;LOMBARDIA;MI;3015146;C1AA; ;F205;MILANO;D;D28;MI00000335;21;Abitazioni di tipo economico;OTTIMO; ;2450;3400;L;8,1;11,3;L;
NORD-OVEST;LOMBARDIA;MI;3015146;C1AA; ;F205;MILANO;D;D28;MI00000335;13;Box;NORMALE;P;1300;2000;L;5,9;9;L;
NORD-OVEST;LOMBARDIA;MI;3015146;C1AA; ;F205;MILANO;D;D28;MI00000335;1;Ville e Villini;NORMALE;P;2600;3500;L;9,2;12;L;
NORD-OVEST;LOMBARDIA;MI;3015146;C1AA; ;F205;MILANO;D;D28;MI00000335;1;Ville e Villini;OTTIMO; ;3600;4600;L;12;16;L;
NORD-OVEST;LOMBARDIA;MI;3015146;C1AA; ;F205;MILANO;D;D28;MI00000335;9;Magazzini;NORMALE;P;400;500;L;2,2;3;L;
NORD-OVEST;LOMBARDIA;MI;3015146;C1AA; ;F205;MILANO;D;D28;MI00000335;5;Negozi;NORMALE;P;1050;1450;L;5,5;7,8;L;
NORD-OVEST;LOMBARDIA;MI;3015146;C1AA; ;F205;MILANO;D;D28;MI00000335;6;Uffici;OTTIMO;P;1450;2300;L;7,2;11,5;L;
NORD-OVEST;LOMBARDIA;MI;3015146;C1AA; ;F205;MILANO;D;D28;MI00000335;18;Uffici strutturati;OTTIMO;P;2200;3000;L;11;15,5;L;
NORD-OVEST;LOMBARDIA;MI;3015146;C1AA; ;F205;MILANO;D;D28;MI00000335;8;Capannoni industriali;OTTIMO;P;650;850;L;3,8;5,2;L;
NORD-OVEST;LOMBARDIA;MI;3015146;C1AA; ;F205;MILANO;D;D28;MI00000335;7;Capannoni tipici;OTTIMO;P;650;900;L;3,9;5,3;L;
NORD-OVEST;LOMBARDIA;MI;3015146;C1AA; ;F205;MILANO;D;D28;MI00000335;10;Laboratori;NORMALE;P;600;900;L;3,5;5,5;L;
NORD-OVEST;LOMBARDIA;MI;3015146;C1AA; ;F205;MILANO;D;D30;MI00004777;20;Abitazioni civili;OTTIMO; ;2700;3900;L;9;13;L;
NORD-OVEST;LOMBARDIA;MI;3015146;C1AA; ;F205;MILANO;D;D30;MI00004777;20;Abitazioni civili;NORMALE;P;1750;2600;L;6;9;L;
NORD-OVEST;LOMBARDIA;MI;3015146;C1AA; ;F205;MILANO;D;D30;MI00004777;21;Abitazioni di tipo economico;OTTIMO; ;1800;2700;L;5,8;8,6;L;
NORD-OVEST;LOMBARDIA;MI;3015146;C1AA; ;F205;MILANO;D;D30;MI00004777;21;Abitazioni di tipo economico;NORMALE;P;1400;1700;L;4,7;5,8;L;
NORD-OVEST;LOMBARDIA;MI;3015146;C1AA; ;F205;MILANO;D;D30;MI00004777;13;Box;NORMALE;P;1200;1850;L;4,5;7;L;
NORD-OVEST;LOMBARDIA;MI;3015146;C1AA; ;F205;MILANO;D;D30;MI00004777;9;Magazzini;NORMALE;P;500;700;L;3;4,2;L;
NORD-OVEST;LOMBARDIA;MI;3015146;C1AA; ;F205;MILANO;D;D30;MI00004777;5;Negozi;OTTIMO; ;1700;2600;L;9,3;14;L;
NORD-OVEST;LOMBARDIA;MI;3015146;C1AA; ;F205;MILANO;D;D30;MI00004777;5;Negozi;NORMALE;P;1250;1650;L;6,6;9,2;L;
NORD-OVEST;LOMBARDIA;MI;3015146;C1AA; ;F205;MILANO;D;D30;MI00004777;6;Uffici;OTTIMO;P;1400;2100;L;6,8;10,2;L;
NORD-OVEST;LOMBARDIA;MI;3015146;C1AA; ;F205;MILANO;D;D30;MI00004777;18;Uffici strutturati;OTTIMO;P;2200;3000;L;10,7;15;L;
NORD-OVEST;LOMBARDIA;MI;3015146;C1AA; ;F205;MILANO;D;D30;MI00004777;8;Capannoni industriali;OTTIMO;P;800;1100;L;4;5,5;L;
NORD-OVEST;LOMBARDIA;MI;3015146;C1AA; ;F205;MILANO;D;D30;MI00004777;7;Capannoni tipici;OTTIMO;P;850;1000;L;4,5;6;L;
NORD-OVEST;LOMBARDIA;MI;3015146;C1AA; ;F205;MILANO;D;D30;MI00004777;10;Laboratori;NORMALE;P;750;1250;L;3,8;6,5;L;
NORD-OVEST;LOMBARDIA;MI;3015146;C1AA; ;F205;MILANO;D;D31;MI00004778;20;Abitazioni civili;OTTIMO; ;2750;4100;L;8,5;13,5;L;
NORD-OVEST;LOMBARDIA;MI;3015146;C1AA; ;F205;MILANO;D;D31;MI00004778;20;Abitazioni civili;NORMALE;P;1800;2700;L;5,6;8,4;L;
NORD-OVEST;LOMBARDIA;MI;3015146;C1AA; ;F205;MILANO;D;D31;MI00004778;21;Abitazioni di tipo economico;OTTIMO; ;1750;2500;L;6,1;8,2;L;
NORD-OVEST;LOMBARDIA;MI;3015146;C1AA; ;F205;MILANO;D;D31;MI00004778;21;Abitazioni di tipo economico;NORMALE;P;1400;1700;L;4,5;6;L;
NORD-OVEST;LOMBARDIA;MI;3015146;C1AA; ;F205;MILANO;D;D31;MI00004778;13;Box;NORMALE;P;1200;1700;L;5;7,3;L;
NORD-OVEST;LOMBARDIA;MI;3015146;C1AA; ;F205;MILANO;D;D31;MI00004778;9;Magazzini;NORMALE;P;450;750;L;2,5;4,5;L;
NORD-OVEST;LOMBARDIA;MI;3015146;C1AA; ;F205;MILANO;D;D31;MI00004778;5;Negozi;NORMALE;P;1300;2300;L;7,5;13,2;L;
NORD-OVEST;LOMBARDIA;MI;3015146;C1AA; ;F205;MILANO;D;D31;MI00004778;6;Uffici;OTTIMO;P;1500;2200;L;6,5;11;L;
NORD-OVEST;LOMBARDIA;MI;3015146;C1AA; ;F205;MILANO;D;D31;MI00004778;18;Uffici strutturati;OTTIMO;P;1900;2700;L;9,8;14;L;
NORD-OVEST;LOMBARDIA;MI;3015146;C1AA; ;F205;MILANO;D;D31;MI00004778;8;Capannoni industriali;OTTIMO;P;800;1000;L;4;5,5;L;
NORD-OVEST;LOMBARDIA;MI;3015146;C1AA; ;F205;MILANO;D;D31;MI00004778;7;Capannoni tipici;OTTIMO;P;850;1100;L;4,1;5,8;L;
NORD-OVEST;LOMBARDIA;MI;3015146;C1AA; ;F205;MILANO;D;D31;MI00004778;10;Laboratori;NORMALE;P;750;1500;L;3,5;7,3;L;
NORD-OVEST;LOMBARDIA;MI;3015146;C1AA; ;F205;MILANO;D;D32;MI00004779;20;Abitazioni civili;OTTIMO; ;2500;3700;L;8,4;12,5;L;
NORD-OVEST;LOMBARDIA;MI;3015146;C1AA; ;F205;MILANO;D;D32;MI00004779;20;Abitazioni civili;NORMALE;P;1800;2450;L;6;8,2;L;
NORD-OVEST;LOMBARDIA;MI;3015146;C1AA; ;F205;MILANO;D;D32;MI00004779;21;Abitazioni di tipo economico;NORMALE;P;1400;1700;L;4,5;5,6;L;
NORD-OVEST;LOMBARDIA;MI;3015146;C1AA; ;F205;MILANO;D;D32;MI00004779;21;Abitazioni di tipo economico;OTTIMO; ;1700;2400;L;5,7;8;L;
NORD-OVEST;LOMBARDIA;MI;3015146;C1AA; ;F205;MILANO;D;D32;MI00004779;13;Box;NORMALE;P;1000;1800;L;4,2;7,7;L;
NORD-OVEST;LOMBARDIA;MI;3015146;C1AA; ;F205;MILANO;D;D32;MI00004779;1;Ville e Villini;NORMALE;P;1850;2500;L;6,2;8,2;L;
NORD-OVEST;LOMBARDIA;MI;3015146;C1AA; ;F205;MILANO;D;D32;MI00004779;1;Ville e Villini;OTTIMO; ;2550;3700;L;8,5;12,5;L;
NORD-OVEST;LOMBARDIA;MI;3015146;C1AA; ;F205;MILANO;D;D32;MI00004779;9;Magazzini;NORMALE;P;450;650;L;2,3;3,5;L;
NORD-OVEST;LOMBARDIA;MI;3015146;C1AA; ;F205;MILANO;D;D32;MI00004779;5;Negozi;NORMALE;P;1200;1800;L;7;10,5;L;
NORD-OVEST;LOMBARDIA;MI;3015146;C1AA; ;F205;MILANO;D;D32;MI00004779;6;Uffici;OTTIMO;P;1400;1900;L;6,2;8;L;
NORD-OVEST;LOMBARDIA;MI;3015146;C1AA; ;F205;MILANO;D;D32;MI00004779;18;Uffici strutturati;OTTIMO;P;1600;2400;L;8;12;L;
NORD-OVEST;LOMBARDIA;MI;3015146;C1AA; ;F205;MILANO;D;D32;MI00004779;8;Capannoni industriali;OTTIMO;P;800;950;L;4,2;5,2;L;
NORD-OVEST;LOMBARDIA;MI;3015146;C1AA; ;F205;MILANO;D;D32;MI00004779;7;Capannoni tipici;OTTIMO;P;800;1000;L;4,1;5,7;L;
NORD-OVEST;LOMBARDIA;MI;3015146;C1AA; ;F205;MILANO;D;D32;MI00004779;10;Laboratori;NORMALE;P;650;1000;L;3,7;5,8;L;
NORD-OVEST;LOMBARDIA;MI;3015146;C1AA; ;F205;MILANO;D;D33;MI00004780;20;Abitazioni civili;OTTIMO; ;2800;3700;L;9,1;12,3;L;
NORD-OVEST;LOMBARDIA;MI;3015146;C1AA; ;F205;MILANO;D;D33;MI00004780;20;Abitazioni civili;NORMALE;P;2150;2800;L;6,5;9;L;
NORD-OVEST;LOMBARDIA;MI;3015146;C1AA; ;F205;MILANO;D;D33;MI00004780;21;Abitazioni di tipo economico;OTTIMO; ;2100;2550;L;7,1;8,2;L;
NORD-OVEST;LOMBARDIA;MI;3015146;C1AA; ;F205;MILANO;D;D33;MI00004780;21;Abitazioni di tipo economico;NORMALE;P;1600;2000;L;5;7;L;
NORD-OVEST;LOMBARDIA;MI;3015146;C1AA; ;F205;MILANO;D;D33;MI00004780;13;Box;NORMALE;P;1050;1600;L;4,6;7;L;
NORD-OVEST;LOMBARDIA;MI;3015146;C1AA; ;F205;MILANO;D;D33;MI00004780;9;Magazzini;NORMALE;P;450;600;L;2,5;3,5;L;
NORD-OVEST;LOMBARDIA;MI;3015146;C1AA; ;F205;MILANO;D;D33;MI00004780;5;Negozi;NORMALE;P;1150;1700;L;6,5;10,2;L;
NORD-OVEST;LOMBARDIA;MI;3015146;C1AA; ;F205;MILANO;D;D33;MI00004780;6;Uffici;OTTIMO;P;1600;2000;L;6,8;8,3;L;
NORD-OVEST;LOMBARDIA;MI;3015146;C1AA; ;F205;MILANO;D;D33;MI00004780;18;Uffici strutturati;OTTIMO;P;1900;2500;L;9,5;12,8;L;
NORD-OVEST;LOMBARDIA;MI;3015146;C1AA; ;F205;MILANO;D;D33;MI00004780;8;Capannoni industriali;OTTIMO;P;800;1000;L;4,1;5,5;L;
NORD-OVEST;LOMBARDIA;MI;3015146;C1AA; ;F205;MILANO;D;D33;MI00004780;7;Capannoni tipici;OTTIMO;P;850;1150;L;4,2;5,8;L;
NORD-OVEST;LOMBARDIA;MI;3015146;C1AA; ;F205;MILANO;D;D33;MI00004780;10;Laboratori;NORMALE;P;750;1200;L;4,3;6,5;L;
NORD-OVEST;LOMBARDIA;MI;3015146;C1AA; ;F205;MILANO;D;D34;MI00004781;20;Abitazioni civili;OTTIMO; ;2850;4400;L;9,1;13,5;L;
NORD-OVEST;LOMBARDIA;MI;3015146;C1AA; ;F205;MILANO;D;D34;MI00004781;20;Abitazioni civili;NORMALE;P;2300;2800;L;6,8;9;L;
NORD-OVEST;LOMBARDIA;MI;3015146;C1AA; ;F205;MILANO;D;D34;MI00004781;21;Abitazioni di tipo economico;OTTIMO; ;2300;2800;L;6,8;9;L;
NORD-OVEST;LOMBARDIA;MI;3015146;C1AA; ;F205;MILANO;D;D34;MI00004781;21;Abitazioni di tipo economico;NORMALE;P;1700;2250;L;5;6,7;L;
NORD-OVEST;LOMBARDIA;MI;3015146;C1AA; ;F205;MILANO;D;D34;MI00004781;13;Box;NORMALE;P;1100;1500;L;4,6;6,5;L;
NORD-OVEST;LOMBARDIA;MI;3015146;C1AA; ;F205;MILANO;D;D34;MI00004781;9;Magazzini;NORMALE;P;550;800;L;3;4,1;L;
NORD-OVEST;LOMBARDIA;MI;3015146;C1AA; ;F205;MILANO;D;D34;MI00004781;5;Negozi;NORMALE;P;1150;1800;L;6,7;10,5;L;
NORD-OVEST;LOMBARDIA;MI;3015146;C1AA; ;F205;MILANO;D;D34;MI00004781;6;Uffici;OTTIMO;P;1500;2000;L;7,6;10;L;
NORD-OVEST;LOMBARDIA;MI;3015146;C1AA; ;F205;MILANO;D;D34;MI00004781;18;Uffici strutturati;OTTIMO;P;2100;3000;L;10,5;15,5;L;
NORD-OVEST;LOMBARDIA;MI;3015146;C1AA; ;F205;MILANO;D;D34;MI00004781;8;Capannoni industriali;OTTIMO;P;750;1000;L;4;5,5;L;
NORD-OVEST;LOMBARDIA;MI;3015146;C1AA; ;F205;MILANO;D;D34;MI00004781;7;Capannoni tipici;OTTIMO;P;800;1050;L;4,2;5,2;L;
NORD-OVEST;LOMBARDIA;MI;3015146;C1AA; ;F205;MILANO;D;D34;MI00004781;10;Laboratori;NORMALE;P;650;950;L;4;5,8;L;
NORD-OVEST;LOMBARDIA;MI;3015146;C1AA; ;F205;MILANO;D;D35;MI00004782;20;Abitazioni civili;OTTIMO; ;2850;4200;L;9,1;13,7;L;
NORD-OVEST;LOMBARDIA;MI;3015146;C1AA; ;F205;MILANO;D;D35;MI00004782;20;Abitazioni civili;NORMALE;P;1800;2800;L;6;9;L;
NORD-OVEST;LOMBARDIA;MI;3015146;C1AA; ;F205;MILANO;D;D35;MI00004782;21;Abitazioni di tipo economico;OTTIMO; ;1750;2650;L;6,1;8,7;L;
NORD-OVEST;LOMBARDIA;MI;3015146;C1AA; ;F205;MILANO;D;D35;MI00004782;21;Abitazioni di tipo economico;NORMALE;P;1300;1700;L;4,2;6;L;
NORD-OVEST;LOMBARDIA;MI;3015146;C1AA; ;F205;MILANO;D;D35;MI00004782;13;Box;NORMALE;P;1200;1900;L;5;7,9;L;
NORD-OVEST;LOMBARDIA;MI;3015146;C1AA; ;F205;MILANO;D;D35;MI00004782;9;Magazzini;NORMALE;P;650;800;L;3,8;4,8;L;
NORD-OVEST;LOMBARDIA;MI;3015146;C1AA; ;F205;MILANO;D;D35;MI00004782;5;Negozi;NORMALE;P;1200;2000;L;7,2;11,7;L;
NORD-OVEST;LOMBARDIA;MI;3015146;C1AA; ;F205;MILANO;D;D35;MI00004782;6;Uffici;OTTIMO;P;1500;2200;L;7,2;10,5;L;
NORD-OVEST;LOMBARDIA;MI;3015146;C1AA; ;F205;MILANO;D;D35;MI00004782;18;Uffici strutturati;OTTIMO;P;2050;2800;L;10,2;14,8;L;
NORD-OVEST;LOMBARDIA;MI;3015146;C1AA; ;F205;MILANO;D;D35;MI00004782;8;Capannoni industriali;OTTIMO;P;800;1000;L;4,3;6;L;
NORD-OVEST;LOMBARDIA;MI;3015146;C1AA; ;F205;MILANO;D;D35;MI00004782;7;Capannoni tipici;OTTIMO;P;850;1100;L;4,3;5,8;L;
NORD-OVEST;LOMBARDIA;MI;3015146;C1AA; ;F205;MILANO;D;D35;MI00004782;10;Laboratori;NORMALE;P;750;1350;L;4,3;7,5;L;
NORD-OVEST;LOMBARDIA;MI;3015146;C1AA; ;F205;MILANO;D;D36;MI00004783;20;Abitazioni civili;OTTIMO; ;2900;4900;L;9,3;15;L;
NORD-OVEST;LOMBARDIA;MI;3015146;C1AA; ;F205;MILANO;D;D36;MI00004783;20;Abitazioni civili;NORMALE;P;2000;2800;L;7;9,2;L;
NORD-OVEST;LOMBARDIA;MI;3015146;C1AA; ;F205;MILANO;D;D36;MI00004783;21;Abitazioni di tipo economico;OTTIMO; ;2200;3000;L;7,3;9,3;L;
NORD-OVEST;LOMBARDIA;MI;3015146;C1AA; ;F205;MILANO;D;D36;MI00004783;21;Abitazioni di tipo economico;NORMALE;P;1650;2150;L;5,6;7,2;L;
NORD-OVEST;LOMBARDIA;MI;3015146;C1AA; ;F205;MILANO;D;D36;MI00004783;13;Box;NORMALE;P;1400;2200;L;5,5;9;L;
NORD-OVEST;LOMBARDIA;MI;3015146;C1AA; ;F205;MILANO;D;D36;MI00004783;9;Magazzini;NORMALE;P;500;750;L;3;4,5;L;
NORD-OVEST;LOMBARDIA;MI;3015146;C1AA; ;F205;MILANO;D;D36;MI00004783;5;Negozi;NORMALE;P;1400;2400;L;8;14;L;
NORD-OVEST;LOMBARDIA;MI;3015146;C1AA; ;F205;MILANO;D;D36;MI00004783;6;Uffici;OTTIMO;P;1550;2350;L;7,7;11,7;L;
NORD-OVEST;LOMBARDIA;MI;3015146;C1AA; ;F205;MILANO;D;D36;MI00004783;18;Uffici strutturati;OTTIMO;P;1900;3000;L;9,5;15;L;
NORD-OVEST;LOMBARDIA;MI;3015146;C1AA; ;F205;MILANO;D;D36;MI00004783;8;Capannoni industriali;OTTIMO;P;850;1000;L;4,8;5,8;L;
NORD-OVEST;LOMBARDIA;MI;3015146;C1AA; ;F205;MILANO;D;D36;MI00004783;7;Capannoni tipici;OTTIMO;P;800;1050;L;4,3;6;L;
NORD-OVEST;LOMBARDIA;MI;3015146;C1AA; ;F205;MILANO;D;D36;MI00004783;10;Laboratori;NORMALE;P;850;1250;L;4,8;7,2;L;
NORD-OVEST;LOMBARDIA;MI;3015146;C1AA; ;F205;MILANO;E;E5;MI00004784;20;Abitazioni civili;OTTIMO; ;2300;2800;L;7,5;9,5;L;
NORD-OVEST;LOMBARDIA;MI;3015146;C1AA; ;F205;MILANO;E;E5;MI00004784;20;Abitazioni civili;NORMALE;P;1800;2300;L;5,4;7,5;L;
NORD-OVEST;LOMBARDIA;MI;3015146;C1AA; ;F205;MILANO;E;E5;MI00004784;21;Abitazioni di tipo economico;NORMALE;P;1300;1600;L;4,5;5,4;L;
NORD-OVEST;LOMBARDIA;MI;3015146;C1AA; ;F205;MILANO;E;E5;MI00004784;21;Abitazioni di tipo economico;OTTIMO; ;1650;2200;L;5,7;7,5;L;
NORD-OVEST;LOMBARDIA;MI;3015146;C1AA; ;F205;MILANO;E;E5;MI00004784;13;Box;NORMALE;P;900;1500;L;4;6,5;L;
NORD-OVEST;LOMBARDIA;MI;3015146;C1AA; ;F205;MILANO;E;E5;MI00004784;1;Ville e Villini;NORMALE;P;1800;2350;L;6;8;L;
NORD-OVEST;LOMBARDIA;MI;3015146;C1AA; ;F205;MILANO;E;E5;MI00004784;1;Ville e Villini;OTTIMO; ;2400;2750;L;8,1;9,5;L;
NORD-OVEST;LOMBARDIA;MI;3015146;C1AA; ;F205;MILANO;E;E5;MI00004784;9;Magazzini;NORMALE;P;450;550;L;2;3;L;
NORD-OVEST;LOMBARDIA;MI;3015146;C1AA; ;F205;MILANO;E;E5;MI00004784;5;Negozi;NORMALE;P;800;1400;L;4,2;8;L;
NORD-OVEST;LOMBARDIA;MI;3015146;C1AA; ;F205;MILANO;E;E5;MI00004784;6;Uffici;OTTIMO;P;900;1500;L;4,2;7;L;
NORD-OVEST;LOMBARDIA;MI;3015146;C1AA; ;F205;MILANO;E;E5;MI00004784;18;Uffici strutturati;OTTIMO;P;1700;2250;L;8,5;11,5;L;
NORD-OVEST;LOMBARDIA;MI;3015146;C1AA; ;F205;MILANO;E;E5;MI00004784;8;Capannoni industriali;OTTIMO;P;600;850;L;3,5;5,2;L;
NORD-OVEST;LOMBARDIA;MI;3015146;C1AA; ;F205;MILANO;E;E5;MI00004784;7;Capannoni tipici;OTTIMO;P;600;900;L;3,6;5,2;L;
NORD-OVEST;LOMBARDIA;MI;3015146;C1AA; ;F205;MILANO;E;E5;MI00004784;10;Laboratori;NORMALE;P;500;650;L;3;3,8;L;
NORD-OVEST;LOMBARDIA;MI;3015146;C1AA; ;F205;MILANO;E;E6;MI00004785;20;Abitazioni civili;OTTIMO; ;2150;3200;L;7,5;11;L;
NORD-OVEST;LOMBARDIA;MI;3015146;C1AA; ;F205;MILANO;E;E6;MI00004785;20;Abitazioni civili;NORMALE;P;1700;2100;L;5,7;7,4;L;
NORD-OVEST;LOMBARDIA;MI;3015146;C1AA; ;F205;MILANO;E;E6;MI00004785;21;Abitazioni di tipo economico;OTTIMO; ;1750;1900;L;5,7;6,5;L;
NORD-OVEST;LOMBARDIA;MI;3015146;C1AA; ;F205;MILANO;E;E6;MI00004785;21;Abitazioni di tipo economico;NORMALE;P;1400;1750;L;4,4;5,6;L;
NORD-OVEST;LOMBARDIA;MI;3015146;C1AA; ;F205;MILANO;E;E6;MI00004785;13;Box;NORMALE;P;950;1500;L;4;6,4;L;
NORD-OVEST;LOMBARDIA;MI;3015146;C1AA; ;F205;MILANO;E;E6;MI00004785;9;Magazzini;NORMALE;P;300;450;L;1,6;2,7;L;
NORD-OVEST;LOMBARDIA;MI;3015146;C1AA; ;F205;MILANO;E;E6;MI00004785;5;Negozi;NORMALE;P;900;1550;L;5,1;9;L;
NORD-OVEST;LOMBARDIA;MI;3015146;C1AA; ;F205;MILANO;E;E6;MI00004785;6;Uffici;OTTIMO;P;1350;1900;L;6,3;9,5;L;
NORD-OVEST;LOMBARDIA;MI;3015146;C1AA; ;F205;MILANO;E;E6;MI00004785;18;Uffici strutturati;OTTIMO;P;1750;2650;L;9,2;14;L;
NORD-OVEST;LOMBARDIA;MI;3015146;C1AA; ;F205;MILANO;E;E6;MI00004785;8;Capannoni industriali;OTTIMO;P;700;950;L;4;5,5;L;
NORD-OVEST;LOMBARDIA;MI;3015146;C1AA; ;F205;MILANO;E;E6;MI00004785;7;Capannoni tipici;OTTIMO;P;700;950;L;4;5,8;L;
NORD-OVEST;LOMBARDIA;MI;3015146;C1AA; ;F205;MILANO;E;E6;MI00004785;10;Laboratori;NORMALE;P;700;950;L;3;4;L;
NORD-OVEST;LOMBARDIA;MI;3015146;C1AA; ;F205;MILANO;E;E7;MI00004786;20;Abitazioni civili;OTTIMO; ;2100;2700;L;7;9,7;L;
NORD-OVEST;LOMBARDIA;MI;3015146;C1AA; ;F205;MILANO;E;E7;MI00004786;20;Abitazioni civili;NORMALE;P;1500;2100;L;5;6,9;L;
NORD-OVEST;LOMBARDIA;MI;3015146;C1AA; ;F205;MILANO;E;E7;MI00004786;21;Abitazioni di tipo economico;OTTIMO; ;1650;1950;L;5;6,3;L;
NORD-OVEST;LOMBARDIA;MI;3015146;C1AA; ;F205;MILANO;E;E7;MI00004786;21;Abitazioni di tipo economico;NORMALE;P;1200;1600;L;3,8;4,9;L;
NORD-OVEST;LOMBARDIA;MI;3015146;C1AA; ;F205;MILANO;E;E7;MI00004786;13;Box;NORMALE;P;1000;1500;L;4,2;6,6;L;
NORD-OVEST;LOMBARDIA;MI;3015146;C1AA; ;F205;MILANO;E;E7;MI00004786;9;Magazzini;NORMALE;P;350;500;L;2;3;L;
NORD-OVEST;LOMBARDIA;MI;3015146;C1AA; ;F205;MILANO;E;E7;MI00004786;5;Negozi;NORMALE;P;700;1300;L;4;7,5;L;
NORD-OVEST;LOMBARDIA;MI;3015146;C1AA; ;F205;MILANO;E;E7;MI00004786;6;Uffici;OTTIMO;P;1250;1600;L;6;8;L;
NORD-OVEST;LOMBARDIA;MI;3015146;C1AA; ;F205;MILANO;E;E7;MI00004786;18;Uffici strutturati;OTTIMO;P;1400;2200;L;7;11,2;L;
NORD-OVEST;LOMBARDIA;MI;3015146;C1AA; ;F205;MILANO;E;E7;MI00004786;8;Capannoni industriali;OTTIMO;P;750;900;L;4,2;5,4;L;
NORD-OVEST;LOMBARDIA;MI;3015146;C1AA; ;F205;MILANO;E;E7;MI00004786;7;Capannoni tipici;OTTIMO;P;700;900;L;4;5,2;L;
NORD-OVEST;LOMBARDIA;MI;3015146;C1AA; ;F205;MILANO;E;E7;MI00004786;10;Laboratori;NORMALE;P;600;1000;L;3;5;L;
NORD-OVEST;LOMBARDIA;MI;3015146;C1AA; ;F205;MILANO;E;E8;MI00004787;20;Abitazioni civili;OTTIMO; ;2000;2800;L;6,5;10;L;
NORD-OVEST;LOMBARDIA;MI;3015146;C1AA; ;F205;MILANO;E;E8;MI00004787;20;Abitazioni civili;NORMALE;P;1600;1950;L;5,5;6,4;L;
NORD-OVEST;LOMBARDIA;MI;3015146;C1AA; ;F205;MILANO;E;E8;MI00004787;21;Abitazioni di tipo economico;OTTIMO; ;1650;2100;L;5,6;7;L;
NORD-OVEST;LOMBARDIA;MI;3015146;C1AA; ;F205;MILANO;E;E8;MI00004787;21;Abitazioni di tipo economico;NORMALE;P;1400;1650;L;4,5;5,5;L;
NORD-OVEST;LOMBARDIA;MI;3015146;C1AA; ;F205;MILANO;E;E8;MI00004787;13;Box;NORMALE;P;1000;1400;L;4;6;L;
NORD-OVEST;LOMBARDIA;MI;3015146;C1AA; ;F205;MILANO;E;E8;MI00004787;9;Magazzini;NORMALE;P;400;600;L;2,2;3,4;L;
NORD-OVEST;LOMBARDIA;MI;3015146;C1AA; ;F205;MILANO;E;E8;MI00004787;5;Negozi;NORMALE;P;900;1550;L;4,5;8,2;L;
NORD-OVEST;LOMBARDIA;MI;3015146;C1AA; ;F205;MILANO;E;E8;MI00004787;6;Uffici;OTTIMO;P;1100;1600;L;5,7;8,3;L;
NORD-OVEST;LOMBARDIA;MI;3015146;C1AA; ;F205;MILANO;E;E8;MI00004787;18;Uffici strutturati;OTTIMO;P;1550;2000;L;8;10,5;L;
NORD-OVEST;LOMBARDIA;MI;3015146;C1AA; ;F205;MILANO;E;E8;MI00004787;8;Capannoni industriali;OTTIMO;P;700;950;L;3,8;5;L;
NORD-OVEST;LOMBARDIA;MI;3015146;C1AA; ;F205;MILANO;E;E8;MI00004787;7;Capannoni tipici;OTTIMO;P;750;1000;L;4;5,4;L;
NORD-OVEST;LOMBARDIA;MI;3015146;C1AA; ;F205;MILANO;E;E8;MI00004787;10;Laboratori;NORMALE;P;600;850;L;3,7;5,2;L;
